market_id,question,p_model,p_market,edge,signal,actual_outcome,brier_score,predicted_at
0x105c65b7c1666db73be97fd400dc1b6292174dd25524e49af41106b961fb8237,Will Torino FC win on 2026-03-13?,0.5,0.5,0.0,NO_TRADE,,,2026-03-13T16:16:55.757954
0x2abd5907f36b208ccd8ffaccd0ddb10bb0537e066b546942cf8c614b8d4faf59,Will Villarreal CF win on 2026-03-13?,0.5,0.5,0.0,NO_TRADE,,,2026-03-13T16:16:57.057107
0x2f300e322d793e401e6d71dad0b77dce003c254b2d7d7d64309cf84638c502e9,Dota 2: BetBoom Team vs Team Spirit - Game 1 Winner,0.5,0.5,0.0,NO_TRADE,,,2026-03-13T16:16:58.333731
0x574bcc388012dfc372d2ebc1a8bd088a3f0cfe579ac26f4bb2548bb23dfe7826,Dota 2: BetBoom Team vs Team Spirit (BO3) - PGL Wallachia Playoffs,0.5,0.5,0.0,NO_TRADE,,,2026-03-13T16:16:59.583899
0x3400943a4af3236bd99361f2905026de8c6c7f4b79f5419e95631ff7ff5b3c0a,Counter-Strike: MOUZ vs FUT Esports (BO3) - ESL Pro League Playoffs,0.5,0.5,0.0,NO_TRADE,,,2026-03-13T16:17:00.823628
0xd74a7a34e89cb626359583946f33565abbf630b1599dcfbdf5f60c3d2ac382ef,Spread: Cavaliers (-13.5),0.5,0.5,0.0,NO_TRADE,,,2026-03-13T16:17:02.107800
0xc1c06476d8050e3ba5624e91b7e6f0ae9c7d18aceb8ca07677b663256a1441f6,Suns vs. Raptors,0.5,0.5,0.0,NO_TRADE,,,2026-03-13T16:17:03.777062
0x515dc6ba596c5599d9affe709ec19e7b4829e955b850f841d5c0269937fe4588,Knicks vs. Pacers,0.5,0.5,0.0,NO_TRADE,,,2026-03-13T16:17:05.165792
0xee157a2ce36ad89b3f43b68016486fc8742a10dd88bdb0a79507f9249b54027e,Knicks vs. Pacers: O/U 227.5,0.5,0.5,0.0,NO_TRADE,,,2026-03-13T16:17:06.408400
0xf92cd22c173d176e1e45c688f0aabb79e882a6fb5c6009887343224ec612eaa9,Oilers vs. Blues,0.5,0.5,0.0,NO_TRADE,,,2026-03-13T16:17:07.976864
0x1d4a301fb891b5f7118a8f37601d21e41c496e0ffe572b9909a1d0e5a0fccb99,Spread: Rockets (-7.5),0.5,0.5,0.0,NO_TRADE,,,2026-03-13T16:17:09.327051
0x4bdaa5093741c4c44a5b84b5233de4dba4339e761a89cf2128d0e1c40c7df023,Timberwolves vs. Warriors,0.5,0.5,0.0,NO_TRADE,,,2026-03-13T16:17:10.602805
0xacea8032e1478b10d15cf4d5226871354db55a6672dbb9319793a237e3ed77d9,Spread: Timberwolves (-6.5),0.5,0.5,0.0,NO_TRADE,,,2026-03-13T16:17:11.721630
0x7b50c3996f3fd42ab59d01e275459b9450a33cd94ca43d8209cb3bbf6110b2c1,Bulls vs. Clippers,0.5,0.5,0.0,NO_TRADE,,,2026-03-13T16:17:13.056680
0xdeb615a52cd114e5aa27d8344ae506a72bea81f6ed13f5915f050b615a193c20,Will the Fed decrease interest rates by 50+ bps after the March 2026 meeting?,0.5,0.5,0.0,NO_TRADE,,,2026-03-13T16:17:14.544583
0x25aa90b3cd98305e849189b4e8b770fc77fe89bccb7cf9656468414e01145d38,Will the Fed increase interest rates by 25+ bps after the March 2026 meeting?,0.5,0.5,0.0,NO_TRADE,,,2026-03-13T16:17:15.834859
0xd6c49a94948e365aa74c09eef54d907b7ca534b243c387c375305d5cdd1afef3,Will the Fed decrease interest rates by 25 bps after the March 2026 meeting?,0.5,0.5,0.0,NO_TRADE,,,2026-03-13T16:17:17.237074
0x257b18205f908aef01ef2d1d50e6fea7d29cf5486fe04031d8b101394476faed,Will there be no change in Fed interest rates after the March 2026 meeting?,0.5,0.5,0.0,NO_TRADE,,,2026-03-13T16:17:18.717390
0x1eae58c7533b10d6ee767a3de531644e3b6cb053618c7539a5c02915ffedff80,ODI Series Bangladesh vs Pakistan: Bangladesh vs Pakistan,0.5,0.5,0.0,NO_TRADE,,,2026-03-13T16:17:20.033520
0x78074cc3840c7b117c2d8ce9b8a457003ec3bc22290dd371a237f0cc839c8113,"Will Elon Musk post 20-39 tweets from March 13 to March 20, 2026?",0.5,0.5,0.0,NO_TRADE,,,2026-03-13T16:17:21.508845
0x6e56e52e43dc41e64b96ce9947110aa5e6acad7e13e7d7920fccb8ec1363ea80,"Will Elon Musk post 60-79 tweets from March 13 to March 20, 2026?",0.5,0.5,0.0,NO_TRADE,,,2026-03-13T16:17:22.731241
0x61ce3773237a948584e422de72265f937034af418a8b703e3a860ea62e59ff36,Will the Iranian regime fall by March 31?,0.5,0.5,0.0,NO_TRADE,,,2026-03-13T16:17:23.956286
0x189b0b45c4d04d5d9ff36778c58585cecfe6ab125765a689a2054b10f8b3e554,"Military action against Iran ends on March 12, 2026?",0.5,0.5,0.0,NO_TRADE,,,2026-03-13T16:17:25.278195
0xc5300759dc2089042380795fe7384010a6b6ebdf9e6da7ed3f786d9a5f61c563,Will Crude Oil (CL) hit (HIGH) $100 by end of March?,0.5,0.5,0.0,NO_TRADE,,,2026-03-13T16:17:26.666878
0x24026080b17f4e88729eab0ac2929ee37c13bfbb4a159179ec63deb4a242d9c9,"Will France, UK, or Germany strike Iran by March 31?",0.5,0.5,0.0,NO_TRADE,,,2026-03-13T16:17:27.780431
0x1d54eb5eac2cee8f595f3097c65da7d07f8ab5dee63d7c0c6883eb70e1e9af30,"Russia x Ukraine ceasefire by March 31, 2026?",0.5,0.5,0.0,NO_TRADE,,,2026-03-13T16:17:29.133936
0xd32f73b7d90cd18287e48b11ff855bee97543ad87ab38ef3fffde06504e5c2bd,"Will Bitcoin reach $75,000 in March?",0.5,0.5,0.0,NO_TRADE,,,2026-03-13T16:17:30.257440
0x561ffbf7de21ef3781c441f30536b026d2b301d7a4a0145a8f526f98db049ba2,"Will Bitcoin reach $150,000 in March?",0.5,0.5,0.0,NO_TRADE,,,2026-03-13T16:17:31.443474
0x337e5c84b83679d5557acafcf78b5c5d4d932b9fcd7dfba7966249d64f0f0a0f,"Will Bitcoin reach $80,000 in March?",0.5,0.5,0.0,NO_TRADE,,,2026-03-13T16:17:32.863574
0x0e16a806a7d079ad19a18599e800bae595eb99b640c5922e1398e30244a0ea43,Will the next Prime Minister of Hungary be János Lázár?,0.5,0.5,0.0,NO_TRADE,,,2026-03-13T16:17:34.275353
0x105c65b7c1666db73be97fd400dc1b6292174dd25524e49af41106b961fb8237,Will Torino FC win on 2026-03-13?,0.5,0.5,0.0,NO_TRADE,,,2026-03-13T16:47:26.019360
0x2abd5907f36b208ccd8ffaccd0ddb10bb0537e066b546942cf8c614b8d4faf59,Will Villarreal CF win on 2026-03-13?,0.5,0.5,0.0,NO_TRADE,,,2026-03-13T16:47:27.581853
0x2f300e322d793e401e6d71dad0b77dce003c254b2d7d7d64309cf84638c502e9,Dota 2: BetBoom Team vs Team Spirit - Game 1 Winner,0.5,0.5,0.0,NO_TRADE,,,2026-03-13T16:47:28.900149
0x574bcc388012dfc372d2ebc1a8bd088a3f0cfe579ac26f4bb2548bb23dfe7826,Dota 2: BetBoom Team vs Team Spirit (BO3) - PGL Wallachia Playoffs,0.5,0.5,0.0,NO_TRADE,,,2026-03-13T16:47:30.237433
0x3400943a4af3236bd99361f2905026de8c6c7f4b79f5419e95631ff7ff5b3c0a,Counter-Strike: MOUZ vs FUT Esports (BO3) - ESL Pro League Playoffs,0.5,0.5,0.0,NO_TRADE,,,2026-03-13T16:47:31.526942
0xd74a7a34e89cb626359583946f33565abbf630b1599dcfbdf5f60c3d2ac382ef,Spread: Cavaliers (-13.5),0.5,0.5,0.0,NO_TRADE,,,2026-03-13T16:47:32.825614
0xc1c06476d8050e3ba5624e91b7e6f0ae9c7d18aceb8ca07677b663256a1441f6,Suns vs. Raptors,0.5,0.5,0.0,NO_TRADE,,,2026-03-13T16:47:34.174760
0x515dc6ba596c5599d9affe709ec19e7b4829e955b850f841d5c0269937fe4588,Knicks vs. Pacers,0.5,0.5,0.0,NO_TRADE,,,2026-03-13T16:47:35.502436
0xee157a2ce36ad89b3f43b68016486fc8742a10dd88bdb0a79507f9249b54027e,Knicks vs. Pacers: O/U 227.5,0.5,0.5,0.0,NO_TRADE,,,2026-03-13T16:47:36.771031
0xf92cd22c173d176e1e45c688f0aabb79e882a6fb5c6009887343224ec612eaa9,Oilers vs. Blues,0.5,0.5,0.0,NO_TRADE,,,2026-03-13T16:47:38.143895
0x1d4a301fb891b5f7118a8f37601d21e41c496e0ffe572b9909a1d0e5a0fccb99,Spread: Rockets (-7.5),0.5,0.5,0.0,NO_TRADE,,,2026-03-13T16:47:39.386248
0x4bdaa5093741c4c44a5b84b5233de4dba4339e761a89cf2128d0e1c40c7df023,Timberwolves vs. Warriors,0.5,0.5,0.0,NO_TRADE,,,2026-03-13T16:47:40.441015
0xacea8032e1478b10d15cf4d5226871354db55a6672dbb9319793a237e3ed77d9,Spread: Timberwolves (-6.5),0.5,0.5,0.0,NO_TRADE,,,2026-03-13T16:47:41.623655
0x7b50c3996f3fd42ab59d01e275459b9450a33cd94ca43d8209cb3bbf6110b2c1,Bulls vs. Clippers,0.5,0.5,0.0,NO_TRADE,,,2026-03-13T16:47:43.070306
0xdeb615a52cd114e5aa27d8344ae506a72bea81f6ed13f5915f050b615a193c20,Will the Fed decrease interest rates by 50+ bps after the March 2026 meeting?,0.5,0.5,0.0,NO_TRADE,,,2026-03-13T16:47:44.548226
0x25aa90b3cd98305e849189b4e8b770fc77fe89bccb7cf9656468414e01145d38,Will the Fed increase interest rates by 25+ bps after the March 2026 meeting?,0.5,0.5,0.0,NO_TRADE,,,2026-03-13T16:47:45.935546
0xd6c49a94948e365aa74c09eef54d907b7ca534b243c387c375305d5cdd1afef3,Will the Fed decrease interest rates by 25 bps after the March 2026 meeting?,0.5,0.5,0.0,NO_TRADE,,,2026-03-13T16:47:47.250305
0x257b18205f908aef01ef2d1d50e6fea7d29cf5486fe04031d8b101394476faed,Will there be no change in Fed interest rates after the March 2026 meeting?,0.5,0.5,0.0,NO_TRADE,,,2026-03-13T16:47:48.358991
0x1eae58c7533b10d6ee767a3de531644e3b6cb053618c7539a5c02915ffedff80,ODI Series Bangladesh vs Pakistan: Bangladesh vs Pakistan,0.5,0.5,0.0,NO_TRADE,,,2026-03-13T16:47:49.450490
0x78074cc3840c7b117c2d8ce9b8a457003ec3bc22290dd371a237f0cc839c8113,"Will Elon Musk post 20-39 tweets from March 13 to March 20, 2026?",0.5,0.5,0.0,NO_TRADE,,,2026-03-13T16:47:50.735263
0x6e56e52e43dc41e64b96ce9947110aa5e6acad7e13e7d7920fccb8ec1363ea80,"Will Elon Musk post 60-79 tweets from March 13 to March 20, 2026?",0.5,0.5,0.0,NO_TRADE,,,2026-03-13T16:47:52.219839
0x61ce3773237a948584e422de72265f937034af418a8b703e3a860ea62e59ff36,Will the Iranian regime fall by March 31?,0.5,0.5,0.0,NO_TRADE,,,2026-03-13T16:47:53.534137
0x189b0b45c4d04d5d9ff36778c58585cecfe6ab125765a689a2054b10f8b3e554,"Military action against Iran ends on March 12, 2026?",0.5,0.5,0.0,NO_TRADE,,,2026-03-13T16:47:54.672411
0xc5300759dc2089042380795fe7384010a6b6ebdf9e6da7ed3f786d9a5f61c563,Will Crude Oil (CL) hit (HIGH) $100 by end of March?,0.5,0.5,0.0,NO_TRADE,,,2026-03-13T16:47:55.758134
0x24026080b17f4e88729eab0ac2929ee37c13bfbb4a159179ec63deb4a242d9c9,"Will France, UK, or Germany strike Iran by March 31?",0.5,0.5,0.0,NO_TRADE,,,2026-03-13T16:47:57.016712
0x09e8f0db05570a5048fdccdae58a52c608aa6cf640ced2190dcbeb52ce52f491,Will Crude Oil (CL) hit (HIGH) $200 by end of March?,0.5,0.5,0.0,NO_TRADE,,,2026-03-13T16:47:58.257884
0xd32f73b7d90cd18287e48b11ff855bee97543ad87ab38ef3fffde06504e5c2bd,"Will Bitcoin reach $75,000 in March?",0.5,0.5,0.0,NO_TRADE,,,2026-03-13T16:47:59.648027
0x561ffbf7de21ef3781c441f30536b026d2b301d7a4a0145a8f526f98db049ba2,"Will Bitcoin reach $150,000 in March?",0.5,0.5,0.0,NO_TRADE,,,2026-03-13T16:48:04.106915
0x337e5c84b83679d5557acafcf78b5c5d4d932b9fcd7dfba7966249d64f0f0a0f,"Will Bitcoin reach $80,000 in March?",0.5,0.5,0.0,NO_TRADE,,,2026-03-13T16:48:05.202749
0x0e16a806a7d079ad19a18599e800bae595eb99b640c5922e1398e30244a0ea43,Will the next Prime Minister of Hungary be János Lázár?,0.5,0.5,0.0,NO_TRADE,,,2026-03-13T16:48:06.558567
0x105c65b7c1666db73be97fd400dc1b6292174dd25524e49af41106b961fb8237,Will Torino FC win on 2026-03-13?,0.5,0.5,0.0,NO_TRADE,,,2026-03-13T17:15:38.724011
0x2abd5907f36b208ccd8ffaccd0ddb10bb0537e066b546942cf8c614b8d4faf59,Will Villarreal CF win on 2026-03-13?,0.5,0.5,0.0,NO_TRADE,,,2026-03-13T17:15:40.772286
0x2f300e322d793e401e6d71dad0b77dce003c254b2d7d7d64309cf84638c502e9,Dota 2: BetBoom Team vs Team Spirit - Game 1 Winner,0.5,0.5,0.0,NO_TRADE,,,2026-03-13T17:15:41.849496
0x574bcc388012dfc372d2ebc1a8bd088a3f0cfe579ac26f4bb2548bb23dfe7826,Dota 2: BetBoom Team vs Team Spirit (BO3) - PGL Wallachia Playoffs,0.5,0.5,0.0,NO_TRADE,,,2026-03-13T17:15:43.197423
0xa6f89c5545db460b07716c0d975ddd94941a81a704c678de49eaf01844e3c3f2,Dota 2: BetBoom Team vs Team Spirit - Game 2 Winner,0.5,0.5,0.0,NO_TRADE,,,2026-03-13T17:15:44.488439
0x3400943a4af3236bd99361f2905026de8c6c7f4b79f5419e95631ff7ff5b3c0a,Counter-Strike: MOUZ vs FUT Esports (BO3) - ESL Pro League Playoffs,0.5,0.5,0.0,NO_TRADE,,,2026-03-13T17:15:45.858194
0xa78041bc13303772d0a58154b4f046e280a67cd57a3844c3aacccf5eb014712c,Counter-Strike: MOUZ vs FUT Esports - Map 1 Winner,0.5,0.5,0.0,NO_TRADE,,,2026-03-13T17:15:47.226157
0xd74a7a34e89cb626359583946f33565abbf630b1599dcfbdf5f60c3d2ac382ef,Spread: Cavaliers (-13.5),0.5,0.5,0.0,NO_TRADE,,,2026-03-13T17:15:48.550409
0x515dc6ba596c5599d9affe709ec19e7b4829e955b850f841d5c0269937fe4588,Knicks vs. Pacers,0.5,0.5,0.0,NO_TRADE,,,2026-03-13T17:15:49.689174
0xc1c06476d8050e3ba5624e91b7e6f0ae9c7d18aceb8ca07677b663256a1441f6,Suns vs. Raptors,0.5,0.5,0.0,NO_TRADE,,,2026-03-13T17:15:50.805601
0xdc06ab59cf95140da8e44dec3feda2a4d1df1a5016edd86eac76f6c578e34445,Grizzlies vs. Pistons,0.5,0.5,0.0,NO_TRADE,,,2026-03-13T17:15:51.897836
0xee157a2ce36ad89b3f43b68016486fc8742a10dd88bdb0a79507f9249b54027e,Knicks vs. Pacers: O/U 227.5,0.5,0.5,0.0,NO_TRADE,,,2026-03-13T17:15:53.483169
0xdbd2838a29c2ab74ada2822ad87e4fe1620d71d3a77f94d4c965d803b90c425e,Suns vs. Raptors: O/U 218.5,0.5,0.5,0.0,NO_TRADE,,,2026-03-13T17:15:54.973584
0xf92cd22c173d176e1e45c688f0aabb79e882a6fb5c6009887343224ec612eaa9,Oilers vs. Blues,0.5,0.5,0.0,NO_TRADE,,,2026-03-13T17:15:56.305309
0x1d4a301fb891b5f7118a8f37601d21e41c496e0ffe572b9909a1d0e5a0fccb99,Spread: Rockets (-7.5),0.5,0.5,0.0,NO_TRADE,,,2026-03-13T17:15:57.535731
0x4bdaa5093741c4c44a5b84b5233de4dba4339e761a89cf2128d0e1c40c7df023,Timberwolves vs. Warriors,0.5,0.5,0.0,NO_TRADE,,,2026-03-13T17:15:58.640598
0xacea8032e1478b10d15cf4d5226871354db55a6672dbb9319793a237e3ed77d9,Spread: Timberwolves (-6.5),0.5,0.5,0.0,NO_TRADE,,,2026-03-13T17:15:59.696324
0x7b50c3996f3fd42ab59d01e275459b9450a33cd94ca43d8209cb3bbf6110b2c1,Bulls vs. Clippers,0.5,0.5,0.0,NO_TRADE,,,2026-03-13T17:16:01.266243
0xdeb615a52cd114e5aa27d8344ae506a72bea81f6ed13f5915f050b615a193c20,Will the Fed decrease interest rates by 50+ bps after the March 2026 meeting?,0.5,0.5,0.0,NO_TRADE,,,2026-03-13T17:16:02.592924
0x25aa90b3cd98305e849189b4e8b770fc77fe89bccb7cf9656468414e01145d38,Will the Fed increase interest rates by 25+ bps after the March 2026 meeting?,0.5,0.5,0.0,NO_TRADE,,,2026-03-13T17:16:03.844162
0xd6c49a94948e365aa74c09eef54d907b7ca534b243c387c375305d5cdd1afef3,Will the Fed decrease interest rates by 25 bps after the March 2026 meeting?,0.5,0.5,0.0,NO_TRADE,,,2026-03-13T17:16:05.118079
0x257b18205f908aef01ef2d1d50e6fea7d29cf5486fe04031d8b101394476faed,Will there be no change in Fed interest rates after the March 2026 meeting?,0.5,0.5,0.0,NO_TRADE,,,2026-03-13T17:16:06.345230
0x1eae58c7533b10d6ee767a3de531644e3b6cb053618c7539a5c02915ffedff80,ODI Series Bangladesh vs Pakistan: Bangladesh vs Pakistan,0.5,0.5,0.0,NO_TRADE,,,2026-03-13T17:16:08.453685
0x78074cc3840c7b117c2d8ce9b8a457003ec3bc22290dd371a237f0cc839c8113,"Will Elon Musk post 20-39 tweets from March 13 to March 20, 2026?",0.5,0.5,0.0,NO_TRADE,,,2026-03-13T17:16:09.625454
0x6e56e52e43dc41e64b96ce9947110aa5e6acad7e13e7d7920fccb8ec1363ea80,"Will Elon Musk post 60-79 tweets from March 13 to March 20, 2026?",0.5,0.5,0.0,NO_TRADE,,,2026-03-13T17:16:10.842871
0x61ce3773237a948584e422de72265f937034af418a8b703e3a860ea62e59ff36,Will the Iranian regime fall by March 31?,0.5,0.5,0.0,NO_TRADE,,,2026-03-13T17:16:12.283381
0x189b0b45c4d04d5d9ff36778c58585cecfe6ab125765a689a2054b10f8b3e554,"Military action against Iran ends on March 12, 2026?",0.5,0.5,0.0,NO_TRADE,,,2026-03-13T17:16:13.603367
0xc5300759dc2089042380795fe7384010a6b6ebdf9e6da7ed3f786d9a5f61c563,Will Crude Oil (CL) hit (HIGH) $100 by end of March?,0.5,0.5,0.0,NO_TRADE,,,2026-03-13T17:16:14.912369
0x24026080b17f4e88729eab0ac2929ee37c13bfbb4a159179ec63deb4a242d9c9,"Will France, UK, or Germany strike Iran by March 31?",0.5,0.5,0.0,NO_TRADE,,,2026-03-13T17:16:15.982185
0x09e8f0db05570a5048fdccdae58a52c608aa6cf640ced2190dcbeb52ce52f491,Will Crude Oil (CL) hit (HIGH) $200 by end of March?,0.5,0.5,0.0,NO_TRADE,,,2026-03-13T17:16:17.595184
0x2abd5907f36b208ccd8ffaccd0ddb10bb0537e066b546942cf8c614b8d4faf59,Will Villarreal CF win on 2026-03-13?,0.5,0.5,0.0,NO_TRADE,,,2026-03-13T17:31:55.404631
0x574bcc388012dfc372d2ebc1a8bd088a3f0cfe579ac26f4bb2548bb23dfe7826,Dota 2: BetBoom Team vs Team Spirit (BO3) - PGL Wallachia Playoffs,0.5,0.5,0.0,NO_TRADE,,,2026-03-13T17:31:56.507839
0x2f300e322d793e401e6d71dad0b77dce003c254b2d7d7d64309cf84638c502e9,Dota 2: BetBoom Team vs Team Spirit - Game 1 Winner,0.5,0.5,0.0,NO_TRADE,,,2026-03-13T17:31:57.976421
0xa6f89c5545db460b07716c0d975ddd94941a81a704c678de49eaf01844e3c3f2,Dota 2: BetBoom Team vs Team Spirit - Game 2 Winner,0.5,0.5,0.0,NO_TRADE,,,2026-03-13T17:31:59.122279
0x3400943a4af3236bd99361f2905026de8c6c7f4b79f5419e95631ff7ff5b3c0a,Counter-Strike: MOUZ vs FUT Esports (BO3) - ESL Pro League Playoffs,0.5,0.5,0.0,NO_TRADE,,,2026-03-13T17:32:00.432970
0xa78041bc13303772d0a58154b4f046e280a67cd57a3844c3aacccf5eb014712c,Counter-Strike: MOUZ vs FUT Esports - Map 1 Winner,0.5,0.5,0.0,NO_TRADE,,,2026-03-13T17:32:01.580008
0x515dc6ba596c5599d9affe709ec19e7b4829e955b850f841d5c0269937fe4588,Knicks vs. Pacers,0.5,0.5,0.0,NO_TRADE,,,2026-03-13T17:32:02.784403
0xd74a7a34e89cb626359583946f33565abbf630b1599dcfbdf5f60c3d2ac382ef,Spread: Cavaliers (-13.5),0.5,0.5,0.0,NO_TRADE,,,2026-03-13T17:32:03.821036
0xc1c06476d8050e3ba5624e91b7e6f0ae9c7d18aceb8ca07677b663256a1441f6,Suns vs. Raptors,0.5,0.5,0.0,NO_TRADE,,,2026-03-13T17:32:04.924876
0xdc06ab59cf95140da8e44dec3feda2a4d1df1a5016edd86eac76f6c578e34445,Grizzlies vs. Pistons,0.5,0.5,0.0,NO_TRADE,,,2026-03-13T17:32:06.203285
0xee157a2ce36ad89b3f43b68016486fc8742a10dd88bdb0a79507f9249b54027e,Knicks vs. Pacers: O/U 227.5,0.5,0.5,0.0,NO_TRADE,,,2026-03-13T17:32:07.502235
0xdbd2838a29c2ab74ada2822ad87e4fe1620d71d3a77f94d4c965d803b90c425e,Suns vs. Raptors: O/U 218.5,0.5,0.5,0.0,NO_TRADE,,,2026-03-13T17:32:08.984397
0xf92cd22c173d176e1e45c688f0aabb79e882a6fb5c6009887343224ec612eaa9,Oilers vs. Blues,0.5,0.5,0.0,NO_TRADE,,,2026-03-13T17:32:10.088870
0x1d4a301fb891b5f7118a8f37601d21e41c496e0ffe572b9909a1d0e5a0fccb99,Spread: Rockets (-7.5),0.5,0.5,0.0,NO_TRADE,,,2026-03-13T17:32:11.519713
0x4bdaa5093741c4c44a5b84b5233de4dba4339e761a89cf2128d0e1c40c7df023,Timberwolves vs. Warriors,0.5,0.5,0.0,NO_TRADE,,,2026-03-13T17:32:12.674942
0xacea8032e1478b10d15cf4d5226871354db55a6672dbb9319793a237e3ed77d9,Spread: Timberwolves (-6.5),0.5,0.5,0.0,NO_TRADE,,,2026-03-13T17:32:14.271694
0x7b50c3996f3fd42ab59d01e275459b9450a33cd94ca43d8209cb3bbf6110b2c1,Bulls vs. Clippers,0.5,0.5,0.0,NO_TRADE,,,2026-03-13T17:32:15.344971
0xdeb615a52cd114e5aa27d8344ae506a72bea81f6ed13f5915f050b615a193c20,Will the Fed decrease interest rates by 50+ bps after the March 2026 meeting?,0.5,0.5,0.0,NO_TRADE,,,2026-03-13T17:32:16.463929
0x25aa90b3cd98305e849189b4e8b770fc77fe89bccb7cf9656468414e01145d38,Will the Fed increase interest rates by 25+ bps after the March 2026 meeting?,0.5,0.5,0.0,NO_TRADE,,,2026-03-13T17:32:17.831883
0xd6c49a94948e365aa74c09eef54d907b7ca534b243c387c375305d5cdd1afef3,Will the Fed decrease interest rates by 25 bps after the March 2026 meeting?,0.5,0.5,0.0,NO_TRADE,,,2026-03-13T17:32:19.207170
0x257b18205f908aef01ef2d1d50e6fea7d29cf5486fe04031d8b101394476faed,Will there be no change in Fed interest rates after the March 2026 meeting?,0.5,0.5,0.0,NO_TRADE,,,2026-03-13T17:32:20.582706
0x1eae58c7533b10d6ee767a3de531644e3b6cb053618c7539a5c02915ffedff80,ODI Series Bangladesh vs Pakistan: Bangladesh vs Pakistan,0.5,0.5,0.0,NO_TRADE,,,2026-03-13T17:32:21.754793
0x78074cc3840c7b117c2d8ce9b8a457003ec3bc22290dd371a237f0cc839c8113,"Will Elon Musk post 20-39 tweets from March 13 to March 20, 2026?",0.5,0.5,0.0,NO_TRADE,,,2026-03-13T17:32:23.061233
0x6e56e52e43dc41e64b96ce9947110aa5e6acad7e13e7d7920fccb8ec1363ea80,"Will Elon Musk post 60-79 tweets from March 13 to March 20, 2026?",0.5,0.5,0.0,NO_TRADE,,,2026-03-13T17:32:24.372793
0x61ce3773237a948584e422de72265f937034af418a8b703e3a860ea62e59ff36,Will the Iranian regime fall by March 31?,0.5,0.5,0.0,NO_TRADE,,,2026-03-13T17:32:25.893829
0x189b0b45c4d04d5d9ff36778c58585cecfe6ab125765a689a2054b10f8b3e554,"Military action against Iran ends on March 12, 2026?",0.5,0.5,0.0,NO_TRADE,,,2026-03-13T17:32:27.245450
0xc5300759dc2089042380795fe7384010a6b6ebdf9e6da7ed3f786d9a5f61c563,Will Crude Oil (CL) hit (HIGH) $100 by end of March?,0.5,0.5,0.0,NO_TRADE,,,2026-03-13T17:32:29.065185
0x24026080b17f4e88729eab0ac2929ee37c13bfbb4a159179ec63deb4a242d9c9,"Will France, UK, or Germany strike Iran by March 31?",0.5,0.5,0.0,NO_TRADE,,,2026-03-13T17:32:30.407841
0x09e8f0db05570a5048fdccdae58a52c608aa6cf640ced2190dcbeb52ce52f491,Will Crude Oil (CL) hit (HIGH) $200 by end of March?,0.5,0.5,0.0,NO_TRADE,,,2026-03-13T17:32:31.565591
0xd32f73b7d90cd18287e48b11ff855bee97543ad87ab38ef3fffde06504e5c2bd,"Will Bitcoin reach $75,000 in March?",0.5,0.5,0.0,NO_TRADE,,,2026-03-13T17:32:32.680360
0x574bcc388012dfc372d2ebc1a8bd088a3f0cfe579ac26f4bb2548bb23dfe7826,Dota 2: BetBoom Team vs Team Spirit (BO3) - PGL Wallachia Playoffs,0.5,0.5,0.0,NO_TRADE,,,2026-03-13T18:00:06.425854
0x2f300e322d793e401e6d71dad0b77dce003c254b2d7d7d64309cf84638c502e9,Dota 2: BetBoom Team vs Team Spirit - Game 1 Winner,0.5,0.5,0.0,NO_TRADE,,,2026-03-13T18:00:07.972661
0xa6f89c5545db460b07716c0d975ddd94941a81a704c678de49eaf01844e3c3f2,Dota 2: BetBoom Team vs Team Spirit - Game 2 Winner,0.5,0.5,0.0,NO_TRADE,,,2026-03-13T18:00:09.365262
0x3400943a4af3236bd99361f2905026de8c6c7f4b79f5419e95631ff7ff5b3c0a,Counter-Strike: MOUZ vs FUT Esports (BO3) - ESL Pro League Playoffs,0.5,0.5,0.0,NO_TRADE,,,2026-03-13T18:00:10.604581
0xa78041bc13303772d0a58154b4f046e280a67cd57a3844c3aacccf5eb014712c,Counter-Strike: MOUZ vs FUT Esports - Map 1 Winner,0.5,0.5,0.0,NO_TRADE,,,2026-03-13T18:00:12.050882
0x515dc6ba596c5599d9affe709ec19e7b4829e955b850f841d5c0269937fe4588,Knicks vs. Pacers,0.5,0.5,0.0,NO_TRADE,,,2026-03-13T18:00:13.107516
0xd74a7a34e89cb626359583946f33565abbf630b1599dcfbdf5f60c3d2ac382ef,Spread: Cavaliers (-13.5),0.5,0.5,0.0,NO_TRADE,,,2026-03-13T18:00:14.124630
0xc1c06476d8050e3ba5624e91b7e6f0ae9c7d18aceb8ca07677b663256a1441f6,Suns vs. Raptors,0.5,0.5,0.0,NO_TRADE,,,2026-03-13T18:00:15.661550
0xdc06ab59cf95140da8e44dec3feda2a4d1df1a5016edd86eac76f6c578e34445,Grizzlies vs. Pistons,0.5,0.5,0.0,NO_TRADE,,,2026-03-13T18:00:17.048787
0x456e34200c2709cd1ae0231f7aaa6ab5e623cea66bebe093dcd73dd6fc9b780b,Cavaliers vs. Mavericks: O/U 237.5,0.5,0.5,0.0,NO_TRADE,,,2026-03-13T18:00:18.993295
0xee157a2ce36ad89b3f43b68016486fc8742a10dd88bdb0a79507f9249b54027e,Knicks vs. Pacers: O/U 227.5,0.5,0.5,0.0,NO_TRADE,,,2026-03-13T18:00:20.442993
0xdbd2838a29c2ab74ada2822ad87e4fe1620d71d3a77f94d4c965d803b90c425e,Suns vs. Raptors: O/U 218.5,0.5,0.5,0.0,NO_TRADE,,,2026-03-13T18:00:21.927390
0xf92cd22c173d176e1e45c688f0aabb79e882a6fb5c6009887343224ec612eaa9,Oilers vs. Blues,0.5,0.5,0.0,NO_TRADE,,,2026-03-13T18:00:23.199353
0x1d4a301fb891b5f7118a8f37601d21e41c496e0ffe572b9909a1d0e5a0fccb99,Spread: Rockets (-7.5),0.5,0.5,0.0,NO_TRADE,,,2026-03-13T18:00:24.772675
0x4bdaa5093741c4c44a5b84b5233de4dba4339e761a89cf2128d0e1c40c7df023,Timberwolves vs. Warriors,0.5,0.5,0.0,NO_TRADE,,,2026-03-13T18:00:26.201667
0xacea8032e1478b10d15cf4d5226871354db55a6672dbb9319793a237e3ed77d9,Spread: Timberwolves (-6.5),0.5,0.5,0.0,NO_TRADE,,,2026-03-13T18:00:27.294853
0x7b50c3996f3fd42ab59d01e275459b9450a33cd94ca43d8209cb3bbf6110b2c1,Bulls vs. Clippers,0.5,0.5,0.0,NO_TRADE,,,2026-03-13T18:00:28.955611
0xcc4fcff4e54b39369aca2fae62016abd8295d5c0a8d70024e81f39a8e1307914,"Will the price of Bitcoin be above $72,000 on March 14?",0.5,0.5,0.0,NO_TRADE,,,2026-03-13T18:00:30.312287
0xdeb615a52cd114e5aa27d8344ae506a72bea81f6ed13f5915f050b615a193c20,Will the Fed decrease interest rates by 50+ bps after the March 2026 meeting?,0.5,0.5,0.0,NO_TRADE,,,2026-03-13T18:00:31.588007
0x25aa90b3cd98305e849189b4e8b770fc77fe89bccb7cf9656468414e01145d38,Will the Fed increase interest rates by 25+ bps after the March 2026 meeting?,0.5,0.5,0.0,NO_TRADE,,,2026-03-13T18:00:32.862550
0xd6c49a94948e365aa74c09eef54d907b7ca534b243c387c375305d5cdd1afef3,Will the Fed decrease interest rates by 25 bps after the March 2026 meeting?,0.5,0.5,0.0,NO_TRADE,,,2026-03-13T18:00:34.230949
0x257b18205f908aef01ef2d1d50e6fea7d29cf5486fe04031d8b101394476faed,Will there be no change in Fed interest rates after the March 2026 meeting?,0.5,0.5,0.0,NO_TRADE,,,2026-03-13T18:00:35.479099
0x1eae58c7533b10d6ee767a3de531644e3b6cb053618c7539a5c02915ffedff80,ODI Series Bangladesh vs Pakistan: Bangladesh vs Pakistan,0.5,0.5,0.0,NO_TRADE,,,2026-03-13T18:00:36.620979
0x78074cc3840c7b117c2d8ce9b8a457003ec3bc22290dd371a237f0cc839c8113,"Will Elon Musk post 20-39 tweets from March 13 to March 20, 2026?",0.5,0.5,0.0,NO_TRADE,,,2026-03-13T18:00:37.743056
0x6e56e52e43dc41e64b96ce9947110aa5e6acad7e13e7d7920fccb8ec1363ea80,"Will Elon Musk post 60-79 tweets from March 13 to March 20, 2026?",0.5,0.5,0.0,NO_TRADE,,,2026-03-13T18:00:38.916581
0x61ce3773237a948584e422de72265f937034af418a8b703e3a860ea62e59ff36,Will the Iranian regime fall by March 31?,0.5,0.5,0.0,NO_TRADE,,,2026-03-13T18:00:40.270112
0x189b0b45c4d04d5d9ff36778c58585cecfe6ab125765a689a2054b10f8b3e554,"Military action against Iran ends on March 12, 2026?",0.5,0.5,0.0,NO_TRADE,,,2026-03-13T18:00:41.378736
0xc5300759dc2089042380795fe7384010a6b6ebdf9e6da7ed3f786d9a5f61c563,Will Crude Oil (CL) hit (HIGH) $100 by end of March?,0.5,0.5,0.0,NO_TRADE,,,2026-03-13T18:00:42.739155
0x24026080b17f4e88729eab0ac2929ee37c13bfbb4a159179ec63deb4a242d9c9,"Will France, UK, or Germany strike Iran by March 31?",0.5,0.5,0.0,NO_TRADE,,,2026-03-13T18:00:44.315431
0x09e8f0db05570a5048fdccdae58a52c608aa6cf640ced2190dcbeb52ce52f491,Will Crude Oil (CL) hit (HIGH) $200 by end of March?,0.5,0.5,0.0,NO_TRADE,,,2026-03-13T18:00:45.533535
0x574bcc388012dfc372d2ebc1a8bd088a3f0cfe579ac26f4bb2548bb23dfe7826,Dota 2: BetBoom Team vs Team Spirit (BO3) - PGL Wallachia Playoffs,0.5,0.5,0.0,NO_TRADE,,,2026-03-13T18:03:28.052092
0x2f300e322d793e401e6d71dad0b77dce003c254b2d7d7d64309cf84638c502e9,Dota 2: BetBoom Team vs Team Spirit - Game 1 Winner,0.516,0.5,0.016,NO_TRADE,,,2026-03-13T18:03:32.858827
0xa6f89c5545db460b07716c0d975ddd94941a81a704c678de49eaf01844e3c3f2,Dota 2: BetBoom Team vs Team Spirit - Game 2 Winner,0.532,0.5,0.032,NO_TRADE,,,2026-03-13T18:03:37.059468
0x3400943a4af3236bd99361f2905026de8c6c7f4b79f5419e95631ff7ff5b3c0a,Counter-Strike: MOUZ vs FUT Esports (BO3) - ESL Pro League Playoffs,0.5,0.5,0.0,NO_TRADE,,,2026-03-13T18:03:39.953420
0x267dc669f23f6c1ec8cb3973cdd5ecccb250fe941296baaf57b1a629feaa0d2c,Counter-Strike: MOUZ vs FUT Esports - Map 2 Winner,0.564,0.5,0.064,BUY_YES,,,2026-03-13T18:03:43.503482
0xa78041bc13303772d0a58154b4f046e280a67cd57a3844c3aacccf5eb014712c,Counter-Strike: MOUZ vs FUT Esports - Map 1 Winner,0.54,0.5,0.04,NO_TRADE,,,2026-03-13T18:03:47.290190
0x515dc6ba596c5599d9affe709ec19e7b4829e955b850f841d5c0269937fe4588,Knicks vs. Pacers,0.508,0.5,0.008,NO_TRADE,,,2026-03-13T18:03:50.319510
0xd74a7a34e89cb626359583946f33565abbf630b1599dcfbdf5f60c3d2ac382ef,Spread: Cavaliers (-13.5),0.46,0.5,-0.04,NO_TRADE,,,2026-03-13T18:03:54.932379
0xc1c06476d8050e3ba5624e91b7e6f0ae9c7d18aceb8ca07677b663256a1441f6,Suns vs. Raptors,0.508,0.5,0.008,NO_TRADE,,,2026-03-13T18:03:58.454994
0xdc06ab59cf95140da8e44dec3feda2a4d1df1a5016edd86eac76f6c578e34445,Grizzlies vs. Pistons,0.484,0.5,-0.016,NO_TRADE,,,2026-03-13T18:04:02.494663
0x456e34200c2709cd1ae0231f7aaa6ab5e623cea66bebe093dcd73dd6fc9b780b,Cavaliers vs. Mavericks: O/U 237.5,0.492,0.5,-0.008,NO_TRADE,,,2026-03-13T18:04:05.899900
0xee157a2ce36ad89b3f43b68016486fc8742a10dd88bdb0a79507f9249b54027e,Knicks vs. Pacers: O/U 227.5,0.492,0.5,-0.008,NO_TRADE,,,2026-03-13T18:04:09.695115
0xdbd2838a29c2ab74ada2822ad87e4fe1620d71d3a77f94d4c965d803b90c425e,Suns vs. Raptors: O/U 218.5,0.492,0.5,-0.008,NO_TRADE,,,2026-03-13T18:04:13.591984
0xf92cd22c173d176e1e45c688f0aabb79e882a6fb5c6009887343224ec612eaa9,Oilers vs. Blues,0.548,0.5,0.048,BUY_YES,,,2026-03-13T18:04:17.386275
0x1d4a301fb891b5f7118a8f37601d21e41c496e0ffe572b9909a1d0e5a0fccb99,Spread: Rockets (-7.5),0.532,0.5,0.032,NO_TRADE,,,2026-03-13T18:04:20.843642
0x4bdaa5093741c4c44a5b84b5233de4dba4339e761a89cf2128d0e1c40c7df023,Timberwolves vs. Warriors,0.524,0.5,0.024,NO_TRADE,,,2026-03-13T18:04:24.766823
0xacea8032e1478b10d15cf4d5226871354db55a6672dbb9319793a237e3ed77d9,Spread: Timberwolves (-6.5),0.484,0.5,-0.016,NO_TRADE,,,2026-03-13T18:04:28.418727
0x7b50c3996f3fd42ab59d01e275459b9450a33cd94ca43d8209cb3bbf6110b2c1,Bulls vs. Clippers,0.492,0.5,-0.008,NO_TRADE,,,2026-03-13T18:04:31.489835
0xcc4fcff4e54b39369aca2fae62016abd8295d5c0a8d70024e81f39a8e1307914,"Will the price of Bitcoin be above $72,000 on March 14?",0.516,0.5,0.016,NO_TRADE,,,2026-03-13T18:04:35.604670
0xdeb615a52cd114e5aa27d8344ae506a72bea81f6ed13f5915f050b615a193c20,Will the Fed decrease interest rates by 50+ bps after the March 2026 meeting?,0.164,0.5,0.336,BUY_NO,,,2026-03-13T18:04:39.202904
0x25aa90b3cd98305e849189b4e8b770fc77fe89bccb7cf9656468414e01145d38,Will the Fed increase interest rates by 25+ bps after the March 2026 meeting?,0.14,0.5,0.36,BUY_NO,,,2026-03-13T18:04:42.696497
0xd6c49a94948e365aa74c09eef54d907b7ca534b243c387c375305d5cdd1afef3,Will the Fed decrease interest rates by 25 bps after the March 2026 meeting?,0.324,0.5,0.176,BUY_NO,,,2026-03-13T18:04:47.067255
0x257b18205f908aef01ef2d1d50e6fea7d29cf5486fe04031d8b101394476faed,Will there be no change in Fed interest rates after the March 2026 meeting?,0.436,0.5,0.064,BUY_NO,,,2026-03-13T18:04:51.006975
0x1eae58c7533b10d6ee767a3de531644e3b6cb053618c7539a5c02915ffedff80,ODI Series Bangladesh vs Pakistan: Bangladesh vs Pakistan,0.436,0.5,0.064,BUY_NO,,,2026-03-13T18:04:54.677635
0x78074cc3840c7b117c2d8ce9b8a457003ec3bc22290dd371a237f0cc839c8113,"Will Elon Musk post 20-39 tweets from March 13 to March 20, 2026?",0.244,0.5,0.256,BUY_NO,,,2026-03-13T18:04:58.590757
0x6e56e52e43dc41e64b96ce9947110aa5e6acad7e13e7d7920fccb8ec1363ea80,"Will Elon Musk post 60-79 tweets from March 13 to March 20, 2026?",0.22,0.5,0.28,BUY_NO,,,2026-03-13T18:05:02.429593
0x61ce3773237a948584e422de72265f937034af418a8b703e3a860ea62e59ff36,Will the Iranian regime fall by March 31?,0.132,0.5,0.368,BUY_NO,,,2026-03-13T18:05:05.490903
0x189b0b45c4d04d5d9ff36778c58585cecfe6ab125765a689a2054b10f8b3e554,"Military action against Iran ends on March 12, 2026?",0.14,0.5,0.36,BUY_NO,,,2026-03-13T18:05:09.102826
0xc5300759dc2089042380795fe7384010a6b6ebdf9e6da7ed3f786d9a5f61c563,Will Crude Oil (CL) hit (HIGH) $100 by end of March?,0.14,0.5,0.36,BUY_NO,,,2026-03-13T18:05:12.773127
0x24026080b17f4e88729eab0ac2929ee37c13bfbb4a159179ec63deb4a242d9c9,"Will France, UK, or Germany strike Iran by March 31?",0.116,0.5,0.384,BUY_NO,,,2026-03-13T18:05:17.255509
0x574bcc388012dfc372d2ebc1a8bd088a3f0cfe579ac26f4bb2548bb23dfe7826,Dota 2: BetBoom Team vs Team Spirit (BO3) - PGL Wallachia Playoffs,0.5,0.5,0.0,NO_TRADE,,,2026-03-13T18:07:17.482981
0x2f300e322d793e401e6d71dad0b77dce003c254b2d7d7d64309cf84638c502e9,Dota 2: BetBoom Team vs Team Spirit - Game 1 Winner,0.532,0.5,0.032,NO_TRADE,,,2026-03-13T18:07:22.018717
0xa6f89c5545db460b07716c0d975ddd94941a81a704c678de49eaf01844e3c3f2,Dota 2: BetBoom Team vs Team Spirit - Game 2 Winner,0.532,0.5,0.032,NO_TRADE,,,2026-03-13T18:07:26.311200
0x3400943a4af3236bd99361f2905026de8c6c7f4b79f5419e95631ff7ff5b3c0a,Counter-Strike: MOUZ vs FUT Esports (BO3) - ESL Pro League Playoffs,0.5,0.5,0.0,NO_TRADE,,,2026-03-13T18:07:29.073095
0x267dc669f23f6c1ec8cb3973cdd5ecccb250fe941296baaf57b1a629feaa0d2c,Counter-Strike: MOUZ vs FUT Esports - Map 2 Winner,0.54,0.5,0.04,NO_TRADE,,,2026-03-13T18:07:32.464071
0xa78041bc13303772d0a58154b4f046e280a67cd57a3844c3aacccf5eb014712c,Counter-Strike: MOUZ vs FUT Esports - Map 1 Winner,0.564,0.5,0.064,BUY_YES,,,2026-03-13T18:07:35.948977
0x515dc6ba596c5599d9affe709ec19e7b4829e955b850f841d5c0269937fe4588,Knicks vs. Pacers,0.508,0.5,0.008,NO_TRADE,,,2026-03-13T18:07:39.182356
0xd74a7a34e89cb626359583946f33565abbf630b1599dcfbdf5f60c3d2ac382ef,Spread: Cavaliers (-13.5),0.5,0.5,0.0,NO_TRADE,,,2026-03-13T18:07:42.352677
0xc1c06476d8050e3ba5624e91b7e6f0ae9c7d18aceb8ca07677b663256a1441f6,Suns vs. Raptors,0.508,0.5,0.008,NO_TRADE,,,2026-03-13T18:07:46.440589
0xdc06ab59cf95140da8e44dec3feda2a4d1df1a5016edd86eac76f6c578e34445,Grizzlies vs. Pistons,0.484,0.5,-0.016,NO_TRADE,,,2026-03-13T18:07:50.733587
0x456e34200c2709cd1ae0231f7aaa6ab5e623cea66bebe093dcd73dd6fc9b780b,Cavaliers vs. Mavericks: O/U 237.5,0.492,0.5,-0.008,NO_TRADE,,,2026-03-13T18:07:53.779956
0xee157a2ce36ad89b3f43b68016486fc8742a10dd88bdb0a79507f9249b54027e,Knicks vs. Pacers: O/U 227.5,0.492,0.5,-0.008,NO_TRADE,,,2026-03-13T18:07:57.615566
0xdbd2838a29c2ab74ada2822ad87e4fe1620d71d3a77f94d4c965d803b90c425e,Suns vs. Raptors: O/U 218.5,0.492,0.5,-0.008,NO_TRADE,,,2026-03-13T18:08:01.038481
0xf92cd22c173d176e1e45c688f0aabb79e882a6fb5c6009887343224ec612eaa9,Oilers vs. Blues,0.548,0.5,0.048,BUY_YES,,,2026-03-13T18:08:05.485891
0x1d4a301fb891b5f7118a8f37601d21e41c496e0ffe572b9909a1d0e5a0fccb99,Spread: Rockets (-7.5),0.532,0.5,0.032,NO_TRADE,,,2026-03-13T18:08:09.549901
0x4bdaa5093741c4c44a5b84b5233de4dba4339e761a89cf2128d0e1c40c7df023,Timberwolves vs. Warriors,0.524,0.5,0.024,NO_TRADE,,,2026-03-13T18:08:13.177520
0xacea8032e1478b10d15cf4d5226871354db55a6672dbb9319793a237e3ed77d9,Spread: Timberwolves (-6.5),0.484,0.5,-0.016,NO_TRADE,,,2026-03-13T18:08:16.813730
0x7b50c3996f3fd42ab59d01e275459b9450a33cd94ca43d8209cb3bbf6110b2c1,Bulls vs. Clippers,0.492,0.5,-0.008,NO_TRADE,,,2026-03-13T18:08:20.175772
0xcc4fcff4e54b39369aca2fae62016abd8295d5c0a8d70024e81f39a8e1307914,"Will the price of Bitcoin be above $72,000 on March 14?",0.516,0.5,0.016,NO_TRADE,,,2026-03-13T18:08:23.894946
0xdeb615a52cd114e5aa27d8344ae506a72bea81f6ed13f5915f050b615a193c20,Will the Fed decrease interest rates by 50+ bps after the March 2026 meeting?,0.164,0.5,0.336,BUY_NO,,,2026-03-13T18:08:28.940443
0x25aa90b3cd98305e849189b4e8b770fc77fe89bccb7cf9656468414e01145d38,Will the Fed increase interest rates by 25+ bps after the March 2026 meeting?,0.14,0.5,0.36,BUY_NO,,,2026-03-13T18:08:33.421497
0xd6c49a94948e365aa74c09eef54d907b7ca534b243c387c375305d5cdd1afef3,Will the Fed decrease interest rates by 25 bps after the March 2026 meeting?,0.356,0.5,0.144,BUY_NO,,,2026-03-13T18:08:39.187768
0x257b18205f908aef01ef2d1d50e6fea7d29cf5486fe04031d8b101394476faed,Will there be no change in Fed interest rates after the March 2026 meeting?,0.524,0.5,0.024,NO_TRADE,,,2026-03-13T18:08:43.274648
0x1eae58c7533b10d6ee767a3de531644e3b6cb053618c7539a5c02915ffedff80,ODI Series Bangladesh vs Pakistan: Bangladesh vs Pakistan,0.46,0.5,-0.04,NO_TRADE,,,2026-03-13T18:08:47.422294
0x78074cc3840c7b117c2d8ce9b8a457003ec3bc22290dd371a237f0cc839c8113,"Will Elon Musk post 20-39 tweets from March 13 to March 20, 2026?",0.244,0.5,0.256,BUY_NO,,,2026-03-13T18:08:51.249442
0x6e56e52e43dc41e64b96ce9947110aa5e6acad7e13e7d7920fccb8ec1363ea80,"Will Elon Musk post 60-79 tweets from March 13 to March 20, 2026?",0.22,0.5,0.28,BUY_NO,,,2026-03-13T18:08:55.162774
0x61ce3773237a948584e422de72265f937034af418a8b703e3a860ea62e59ff36,Will the Iranian regime fall by March 31?,0.124,0.5,0.376,BUY_NO,,,2026-03-13T18:08:59.187085
0x189b0b45c4d04d5d9ff36778c58585cecfe6ab125765a689a2054b10f8b3e554,"Military action against Iran ends on March 12, 2026?",0.14,0.5,0.36,BUY_NO,,,2026-03-13T18:09:02.604037
0xc5300759dc2089042380795fe7384010a6b6ebdf9e6da7ed3f786d9a5f61c563,Will Crude Oil (CL) hit (HIGH) $100 by end of March?,0.14,0.5,0.36,BUY_NO,,,2026-03-13T18:09:07.517091
0x24026080b17f4e88729eab0ac2929ee37c13bfbb4a159179ec63deb4a242d9c9,"Will France, UK, or Germany strike Iran by March 31?",0.116,0.5,0.384,BUY_NO,,,2026-03-13T18:09:12.969466
0x574bcc388012dfc372d2ebc1a8bd088a3f0cfe579ac26f4bb2548bb23dfe7826,Dota 2: BetBoom Team vs Team Spirit (BO3) - PGL Wallachia Playoffs,0.5,0.5,0.0,NO_TRADE,,,2026-03-13T18:14:26.140786
0x2f300e322d793e401e6d71dad0b77dce003c254b2d7d7d64309cf84638c502e9,Dota 2: BetBoom Team vs Team Spirit - Game 1 Winner,0.516,0.5,0.016,NO_TRADE,,,2026-03-13T18:14:31.109882
0xa6f89c5545db460b07716c0d975ddd94941a81a704c678de49eaf01844e3c3f2,Dota 2: BetBoom Team vs Team Spirit - Game 2 Winner,0.516,0.5,0.016,NO_TRADE,,,2026-03-13T18:14:34.674691
0x3400943a4af3236bd99361f2905026de8c6c7f4b79f5419e95631ff7ff5b3c0a,Counter-Strike: MOUZ vs FUT Esports (BO3) - ESL Pro League Playoffs,0.5,0.5,0.0,NO_TRADE,,,2026-03-13T18:14:37.860303
0x267dc669f23f6c1ec8cb3973cdd5ecccb250fe941296baaf57b1a629feaa0d2c,Counter-Strike: MOUZ vs FUT Esports - Map 2 Winner,0.564,0.5,0.064,BUY_YES,,,2026-03-13T18:14:41.638763
0xa78041bc13303772d0a58154b4f046e280a67cd57a3844c3aacccf5eb014712c,Counter-Strike: MOUZ vs FUT Esports - Map 1 Winner,0.564,0.5,0.064,BUY_YES,,,2026-03-13T18:14:46.099235
0x515dc6ba596c5599d9affe709ec19e7b4829e955b850f841d5c0269937fe4588,Knicks vs. Pacers,0.5,0.5,0.0,NO_TRADE,,,2026-03-13T18:14:49.837000
0xd74a7a34e89cb626359583946f33565abbf630b1599dcfbdf5f60c3d2ac382ef,Spread: Cavaliers (-13.5),0.5,0.5,0.0,NO_TRADE,,,2026-03-13T18:14:53.127379
0xc1c06476d8050e3ba5624e91b7e6f0ae9c7d18aceb8ca07677b663256a1441f6,Suns vs. Raptors,0.508,0.5,0.008,NO_TRADE,,,2026-03-13T18:14:57.861754
0xdc06ab59cf95140da8e44dec3feda2a4d1df1a5016edd86eac76f6c578e34445,Grizzlies vs. Pistons,0.492,0.5,-0.008,NO_TRADE,,,2026-03-13T18:15:01.628440
0x456e34200c2709cd1ae0231f7aaa6ab5e623cea66bebe093dcd73dd6fc9b780b,Cavaliers vs. Mavericks: O/U 237.5,0.492,0.5,-0.008,NO_TRADE,,,2026-03-13T18:15:05.667839
0xee157a2ce36ad89b3f43b68016486fc8742a10dd88bdb0a79507f9249b54027e,Knicks vs. Pacers: O/U 227.5,0.492,0.5,-0.008,NO_TRADE,,,2026-03-13T18:15:08.930371
0xdbd2838a29c2ab74ada2822ad87e4fe1620d71d3a77f94d4c965d803b90c425e,Suns vs. Raptors: O/U 218.5,0.508,0.5,0.008,NO_TRADE,,,2026-03-13T18:15:12.563339
0xf92cd22c173d176e1e45c688f0aabb79e882a6fb5c6009887343224ec612eaa9,Oilers vs. Blues,0.548,0.5,0.048,BUY_YES,,,2026-03-13T18:15:15.726877
0x1d4a301fb891b5f7118a8f37601d21e41c496e0ffe572b9909a1d0e5a0fccb99,Spread: Rockets (-7.5),0.5,0.5,0.0,NO_TRADE,,,2026-03-13T18:15:19.837244
0x4bdaa5093741c4c44a5b84b5233de4dba4339e761a89cf2128d0e1c40c7df023,Timberwolves vs. Warriors,0.516,0.5,0.016,NO_TRADE,,,2026-03-13T18:15:23.615408
0xacea8032e1478b10d15cf4d5226871354db55a6672dbb9319793a237e3ed77d9,Spread: Timberwolves (-6.5),0.484,0.5,-0.016,NO_TRADE,,,2026-03-13T18:15:27.565723
0x7b50c3996f3fd42ab59d01e275459b9450a33cd94ca43d8209cb3bbf6110b2c1,Bulls vs. Clippers,0.492,0.5,-0.008,NO_TRADE,,,2026-03-13T18:15:30.869841
0xcc4fcff4e54b39369aca2fae62016abd8295d5c0a8d70024e81f39a8e1307914,"Will the price of Bitcoin be above $72,000 on March 14?",0.492,0.5,-0.008,NO_TRADE,,,2026-03-13T18:15:34.815502
0xdeb615a52cd114e5aa27d8344ae506a72bea81f6ed13f5915f050b615a193c20,Will the Fed decrease interest rates by 50+ bps after the March 2026 meeting?,0.164,0.5,0.336,BUY_NO,,,2026-03-13T18:15:40.325833
0x25aa90b3cd98305e849189b4e8b770fc77fe89bccb7cf9656468414e01145d38,Will the Fed increase interest rates by 25+ bps after the March 2026 meeting?,0.156,0.5,0.344,BUY_NO,,,2026-03-13T18:15:44.053110
0xd6c49a94948e365aa74c09eef54d907b7ca534b243c387c375305d5cdd1afef3,Will the Fed decrease interest rates by 25 bps after the March 2026 meeting?,0.356,0.5,0.144,BUY_NO,,,2026-03-13T18:15:48.798546
0x257b18205f908aef01ef2d1d50e6fea7d29cf5486fe04031d8b101394476faed,Will there be no change in Fed interest rates after the March 2026 meeting?,0.516,0.5,0.016,NO_TRADE,,,2026-03-13T18:15:52.348290
0x1eae58c7533b10d6ee767a3de531644e3b6cb053618c7539a5c02915ffedff80,ODI Series Bangladesh vs Pakistan: Bangladesh vs Pakistan,0.436,0.5,0.064,BUY_NO,,,2026-03-13T18:15:56.536901
0x78074cc3840c7b117c2d8ce9b8a457003ec3bc22290dd371a237f0cc839c8113,"Will Elon Musk post 20-39 tweets from March 13 to March 20, 2026?",0.22,0.5,0.28,BUY_NO,,,2026-03-13T18:16:01.592982
0x6e56e52e43dc41e64b96ce9947110aa5e6acad7e13e7d7920fccb8ec1363ea80,"Will Elon Musk post 60-79 tweets from March 13 to March 20, 2026?",0.22,0.5,0.28,BUY_NO,,,2026-03-13T18:16:05.800888
0x61ce3773237a948584e422de72265f937034af418a8b703e3a860ea62e59ff36,Will the Iranian regime fall by March 31?,0.132,0.5,0.368,BUY_NO,,,2026-03-13T18:16:10.349123
0x189b0b45c4d04d5d9ff36778c58585cecfe6ab125765a689a2054b10f8b3e554,"Military action against Iran ends on March 12, 2026?",0.164,0.5,0.336,BUY_NO,,,2026-03-13T18:16:14.547555
0xc5300759dc2089042380795fe7384010a6b6ebdf9e6da7ed3f786d9a5f61c563,Will Crude Oil (CL) hit (HIGH) $100 by end of March?,0.14,0.5,0.36,BUY_NO,,,2026-03-13T18:16:18.338713
0x24026080b17f4e88729eab0ac2929ee37c13bfbb4a159179ec63deb4a242d9c9,"Will France, UK, or Germany strike Iran by March 31?",0.124,0.5,0.376,BUY_NO,,,2026-03-13T18:16:22.645764
0xd74a7a34e89cb626359583946f33565abbf630b1599dcfbdf5f60c3d2ac382ef,Spread: Cavaliers (-13.5),0.492,0.5,-0.008,NO_TRADE,,,2026-03-13T20:49:48.991499
0x515dc6ba596c5599d9affe709ec19e7b4829e955b850f841d5c0269937fe4588,Knicks vs. Pacers,0.5,0.5,0.0,NO_TRADE,,,2026-03-13T20:49:52.060949
0xc1c06476d8050e3ba5624e91b7e6f0ae9c7d18aceb8ca07677b663256a1441f6,Suns vs. Raptors,0.5,0.5,0.0,NO_TRADE,,,2026-03-13T20:49:55.132775
0xdc06ab59cf95140da8e44dec3feda2a4d1df1a5016edd86eac76f6c578e34445,Grizzlies vs. Pistons,0.508,0.5,0.008,NO_TRADE,,,2026-03-13T20:49:58.010718
0x456e34200c2709cd1ae0231f7aaa6ab5e623cea66bebe093dcd73dd6fc9b780b,Cavaliers vs. Mavericks: O/U 237.5,0.508,0.5,0.008,NO_TRADE,,,2026-03-13T20:50:01.426383
0xee157a2ce36ad89b3f43b68016486fc8742a10dd88bdb0a79507f9249b54027e,Knicks vs. Pacers: O/U 227.5,0.516,0.5,0.016,NO_TRADE,,,2026-03-13T20:50:04.263038
0xe42c1b9c4a099b9c44f0a414210cced2e8a505b08d999c9a3ccbe2a4f8c5e34b,Cavaliers vs. Mavericks,0.5,0.5,0.0,NO_TRADE,,,2026-03-13T20:50:06.805975
0x73de4ff24a883e2263b34bf547960f9e99b08907ba8b7015680b1f6b96f14fc5,Spread: Knicks (-13.5),0.484,0.5,-0.016,NO_TRADE,,,2026-03-13T20:50:09.635656
0xdbd2838a29c2ab74ada2822ad87e4fe1620d71d3a77f94d4c965d803b90c425e,Suns vs. Raptors: O/U 218.5,0.516,0.5,0.016,NO_TRADE,,,2026-03-13T20:50:12.512911
0xf92cd22c173d176e1e45c688f0aabb79e882a6fb5c6009887343224ec612eaa9,Oilers vs. Blues,0.508,0.5,0.008,NO_TRADE,,,2026-03-13T20:50:15.408466
0x1d4a301fb891b5f7118a8f37601d21e41c496e0ffe572b9909a1d0e5a0fccb99,Spread: Rockets (-7.5),0.54,0.5,0.04,NO_TRADE,,,2026-03-13T20:50:18.451685
0x6d60c9411069286151b103c09720898fd8b3a2b3409e305ec52b2960ee8322b5,Dota 2: Team Yandex vs Team Liquid - Game 1 Winner,0.5,0.5,0.0,NO_TRADE,,,2026-03-13T20:50:21.277223
0x5e4f72c61aa22e51fe70549384d34b1d42a418243a79aa508faaf4b82b3441d5,Dota 2: Team Yandex vs Team Liquid - Game 2 Winner,0.5,0.5,0.0,NO_TRADE,,,2026-03-13T20:50:24.009522
0xff8bdad4a7947dfd924d71530319c162360e7ce488e1516158b1cc6e3722d412,Dota 2: Team Yandex vs Team Liquid (BO3) - PGL Wallachia Playoffs,0.5,0.5,0.0,NO_TRADE,,,2026-03-13T20:50:27.388346
0x5b07dac5326624b2a4d55098d962ca35ee2a28d446edb0d7dd57cbb2cdea2937,Valorant: Paper Rex vs G2 Esports (BO3) - VCT Masters Santiago Playoffs,0.484,0.5,-0.016,NO_TRADE,,,2026-03-13T20:50:30.767595
0x4bdaa5093741c4c44a5b84b5233de4dba4339e761a89cf2128d0e1c40c7df023,Timberwolves vs. Warriors,0.5,0.5,0.0,NO_TRADE,,,2026-03-13T20:50:34.453792
0xacea8032e1478b10d15cf4d5226871354db55a6672dbb9319793a237e3ed77d9,Spread: Timberwolves (-6.5),0.516,0.5,0.016,NO_TRADE,,,2026-03-13T20:50:37.317206
0xcfe65abb1160072bed633ba42ea39a7f208d42f7abe372a351588e2453113537,Counter-Strike: Astralis vs Spirit (BO3) - ESL Pro League Playoffs,0.5,0.5,0.0,NO_TRADE,,,2026-03-13T20:50:39.983296
0x7b50c3996f3fd42ab59d01e275459b9450a33cd94ca43d8209cb3bbf6110b2c1,Bulls vs. Clippers,0.5,0.5,0.0,NO_TRADE,,,2026-03-13T20:50:43.362772
0xe5356ad343b7a489382e0b6ed470c189e544080b85d910ff4390bb2dffc7e3ff,Bulls vs. Clippers: O/U 234.5,0.516,0.5,0.016,NO_TRADE,,,2026-03-13T20:50:49.317992
0xcc4fcff4e54b39369aca2fae62016abd8295d5c0a8d70024e81f39a8e1307914,"Will the price of Bitcoin be above $72,000 on March 14?",0.516,0.5,0.016,NO_TRADE,,,2026-03-13T20:50:51.661212
0x252365358641fba66314860d03443b424f73ae866ccf96c8b818d63f76e2cc48,"Will Elon Musk post 140-164 tweets from March 12 to March 14, 2026?",0.484,0.5,-0.016,NO_TRADE,,,2026-03-13T20:50:54.423274
0xacc807909f02f4f73cfc2e1df9143797e7ddbd7013b7b8c16fdb0c904e5270c8,"Will Elon Musk post 160-179 tweets from March 10 to March 17, 2026?",0.484,0.5,-0.016,NO_TRADE,,,2026-03-13T20:50:57.852844
0xdeb615a52cd114e5aa27d8344ae506a72bea81f6ed13f5915f050b615a193c20,Will the Fed decrease interest rates by 50+ bps after the March 2026 meeting?,0.46,0.5,-0.04,NO_TRADE,,,2026-03-13T20:51:01.704671
0x25aa90b3cd98305e849189b4e8b770fc77fe89bccb7cf9656468414e01145d38,Will the Fed increase interest rates by 25+ bps after the March 2026 meeting?,0.46,0.5,-0.04,NO_TRADE,,,2026-03-13T20:51:05.172190
0xd6c49a94948e365aa74c09eef54d907b7ca534b243c387c375305d5cdd1afef3,Will the Fed decrease interest rates by 25 bps after the March 2026 meeting?,0.484,0.5,-0.016,NO_TRADE,,,2026-03-13T20:51:08.174328
0x257b18205f908aef01ef2d1d50e6fea7d29cf5486fe04031d8b101394476faed,Will there be no change in Fed interest rates after the March 2026 meeting?,0.516,0.5,0.016,NO_TRADE,,,2026-03-13T20:51:11.008938
0x78074cc3840c7b117c2d8ce9b8a457003ec3bc22290dd371a237f0cc839c8113,"Will Elon Musk post 20-39 tweets from March 13 to March 20, 2026?",0.516,0.5,0.016,NO_TRADE,,,2026-03-13T20:51:14.084377
0x6e56e52e43dc41e64b96ce9947110aa5e6acad7e13e7d7920fccb8ec1363ea80,"Will Elon Musk post 60-79 tweets from March 13 to March 20, 2026?",0.508,0.5,0.008,NO_TRADE,,,2026-03-13T20:51:17.459551
0x61ce3773237a948584e422de72265f937034af418a8b703e3a860ea62e59ff36,Will the Iranian regime fall by March 31?,0.164,0.5,0.336,BUY_NO,,,2026-03-13T20:51:19.767353
0xe47940007e6002e6d023bd4413c3e69544f119b11a0e6351e97f63fa6fd04238,Will Brighton & Hove Albion FC win on 2026-03-14?,0.5,0.5,0.0,NO_TRADE,,,2026-03-14T03:41:23.176805
0x8f21d0bd6a02c79b572904aff2952aaf6d02d13cc2db0e8bd4f69a441f34dec0,Will Club Atlético de Madrid win on 2026-03-14?,0.516,0.5,0.016,NO_TRADE,,,2026-03-14T03:41:26.558527
0x8e93fe4cc237f55bd12a766a45b612cb0e601522cec8f99eaf0b21050659a4ac,"Will the price of Bitcoin be above $78,000 on March 14?",0.516,0.5,0.016,NO_TRADE,,,2026-03-14T03:41:29.419863
0xcc4fcff4e54b39369aca2fae62016abd8295d5c0a8d70024e81f39a8e1307914,"Will the price of Bitcoin be above $72,000 on March 14?",0.516,0.5,0.016,NO_TRADE,,,2026-03-14T03:41:32.250060
0x252365358641fba66314860d03443b424f73ae866ccf96c8b818d63f76e2cc48,"Will Elon Musk post 140-164 tweets from March 12 to March 14, 2026?",0.484,0.5,-0.016,NO_TRADE,,,2026-03-14T03:41:36.448986
0xd270864cc404f4efa083bfad216ff60c02fa5ec5e020d4175bdf534e85203cee,"Will the price of Bitcoin be above $74,000 on March 14?",0.508,0.5,0.008,NO_TRADE,,,2026-03-14T03:41:38.924507
0x6522287fb91b15bfc00e2777fef81362c6eeb973a4f75d48e0a74eaad8442eef,"Will the price of Bitcoin be above $70,000 on March 14?",0.516,0.5,0.016,NO_TRADE,,,2026-03-14T03:41:41.550568
0x25aa90b3cd98305e849189b4e8b770fc77fe89bccb7cf9656468414e01145d38,Will the Fed increase interest rates by 25+ bps after the March 2026 meeting?,0.484,0.5,-0.016,NO_TRADE,,,2026-03-14T03:41:44.301702
0xdeb615a52cd114e5aa27d8344ae506a72bea81f6ed13f5915f050b615a193c20,Will the Fed decrease interest rates by 50+ bps after the March 2026 meeting?,0.46,0.5,-0.04,NO_TRADE,,,2026-03-14T03:41:46.928128
0x257b18205f908aef01ef2d1d50e6fea7d29cf5486fe04031d8b101394476faed,Will there be no change in Fed interest rates after the March 2026 meeting?,0.516,0.5,0.016,NO_TRADE,,,2026-03-14T03:41:49.977959
0xd6c49a94948e365aa74c09eef54d907b7ca534b243c387c375305d5cdd1afef3,Will the Fed decrease interest rates by 25 bps after the March 2026 meeting?,0.516,0.5,0.016,NO_TRADE,,,2026-03-14T03:41:53.123788
0x78074cc3840c7b117c2d8ce9b8a457003ec3bc22290dd371a237f0cc839c8113,"Will Elon Musk post 20-39 tweets from March 13 to March 20, 2026?",0.484,0.5,-0.016,NO_TRADE,,,2026-03-14T03:41:56.199621
0x6e56e52e43dc41e64b96ce9947110aa5e6acad7e13e7d7920fccb8ec1363ea80,"Will Elon Musk post 60-79 tweets from March 13 to March 20, 2026?",0.484,0.5,-0.016,NO_TRADE,,,2026-03-14T03:41:58.981585
0x103ed52199c6d7776c4e216f2ac745c4323ea6ba2b5d874c846e7310b52bf15f,BNP Paribas Open: Aryna Sabalenka vs Linda Noskova,0.516,0.5,0.016,NO_TRADE,,,2026-03-14T03:42:01.992662
0x278ea996170c076550395c59202d45370436b0e8de80768dca56ef72683aa637,Final Stage: Dominican Rep. vs. South Korea,0.5,0.5,0.0,NO_TRADE,,,2026-03-14T03:42:04.825000
0x93cff3f71849b4e38a98a5d152b48f5fd32937afea53c5b3a998db9db5ebdcba,Final Stage: Canada vs. USA,0.5,0.5,0.0,NO_TRADE,,,2026-03-14T03:42:07.150688
0xa1a33bbeec04aa115156c15f873485f554a8ff934576b0990aeddb444dc21a26,BNP Paribas Open: Elena Rybakina vs Elina Svitolina,0.516,0.5,0.016,NO_TRADE,,,2026-03-14T03:42:09.749859
0x61ce3773237a948584e422de72265f937034af418a8b703e3a860ea62e59ff36,Will the Iranian regime fall by March 31?,0.164,0.5,0.336,BUY_NO,,,2026-03-14T03:42:12.374579
0x189b0b45c4d04d5d9ff36778c58585cecfe6ab125765a689a2054b10f8b3e554,"Military action against Iran ends on March 12, 2026?",0.22,0.5,0.28,BUY_NO,,,2026-03-14T03:42:15.239011
0x09e8f0db05570a5048fdccdae58a52c608aa6cf640ced2190dcbeb52ce52f491,Will Crude Oil (CL) hit (HIGH) $200 by end of March?,0.116,0.5,0.384,BUY_NO,,,2026-03-14T03:42:17.969318
0xc5300759dc2089042380795fe7384010a6b6ebdf9e6da7ed3f786d9a5f61c563,Will Crude Oil (CL) hit (HIGH) $100 by end of March?,0.516,0.5,0.016,NO_TRADE,,,2026-03-14T03:42:20.826151
0xee9674c8393bea1f79957642fd4fb3019609440d4003c4f6d8cd1b2e4cabc24c,Will MrBeast's next video get between 70 and 80 million views on week 1?,0.436,0.5,0.064,BUY_NO,,,2026-03-14T03:42:23.628290
0x705479cc3e7cf2907997c62b4245356c48b5133f7d82a47829a2354dd77a7c51,Will the U.S. invade Iran by March 31?,0.132,0.5,0.368,BUY_NO,,,2026-03-14T03:42:26.772950
0x24026080b17f4e88729eab0ac2929ee37c13bfbb4a159179ec63deb4a242d9c9,"Will France, UK, or Germany strike Iran by March 31?",0.22,0.5,0.28,BUY_NO,,,2026-03-14T03:42:29.300197
0xd32f73b7d90cd18287e48b11ff855bee97543ad87ab38ef3fffde06504e5c2bd,"Will Bitcoin reach $75,000 in March?",0.516,0.5,0.016,NO_TRADE,,,2026-03-14T03:42:32.090357
0x561ffbf7de21ef3781c441f30536b026d2b301d7a4a0145a8f526f98db049ba2,"Will Bitcoin reach $150,000 in March?",0.46,0.5,-0.04,NO_TRADE,,,2026-03-14T03:42:34.989902
0xbeea42eda72fef9d80590e81017c0e23fb9bf8165f04ac1ed41608c3e0dfbdad,Will Athletic Club win on 2026-03-14?,0.516,0.5,0.016,NO_TRADE,,,2026-03-14T08:31:02.896430
0xd7d2ffb23055dd84076a8133e48a71588c05ffe016020e3672672f4e4a9e3dc6,Dota 2: Tundra Esports vs Team Spirit (BO3) - PGL Wallachia Playoffs,0.5,0.5,0.0,NO_TRADE,,,2026-03-14T08:31:06.206082
0xd331855f9eff6aa26c50b539294f83b89b5075b4b207dd419aab09ff02a18960,Will FC Bayern München win on 2026-03-14?,0.516,0.5,0.016,NO_TRADE,,,2026-03-14T08:31:09.086955
0xe47940007e6002e6d023bd4413c3e69544f119b11a0e6351e97f63fa6fd04238,Will Brighton & Hove Albion FC win on 2026-03-14?,0.5,0.5,0.0,NO_TRADE,,,2026-03-14T08:31:11.976381
0x8f21d0bd6a02c79b572904aff2952aaf6d02d13cc2db0e8bd4f69a441f34dec0,Will Club Atlético de Madrid win on 2026-03-14?,0.516,0.5,0.016,NO_TRADE,,,2026-03-14T08:31:14.783643
0x8e93fe4cc237f55bd12a766a45b612cb0e601522cec8f99eaf0b21050659a4ac,"Will the price of Bitcoin be above $78,000 on March 14?",0.516,0.5,0.016,NO_TRADE,,,2026-03-14T08:31:18.220553
0x252365358641fba66314860d03443b424f73ae866ccf96c8b818d63f76e2cc48,"Will Elon Musk post 140-164 tweets from March 12 to March 14, 2026?",0.516,0.5,0.016,NO_TRADE,,,2026-03-14T08:31:21.284591
0xcc4fcff4e54b39369aca2fae62016abd8295d5c0a8d70024e81f39a8e1307914,"Will the price of Bitcoin be above $72,000 on March 14?",0.516,0.5,0.016,NO_TRADE,,,2026-03-14T08:31:24.246085
0xd270864cc404f4efa083bfad216ff60c02fa5ec5e020d4175bdf534e85203cee,"Will the price of Bitcoin be above $74,000 on March 14?",0.516,0.5,0.016,NO_TRADE,,,2026-03-14T08:31:27.430820
0x43a1f4a4ffc473e53d6f22121825d51fc4f533fbd1414a9f0f755a220bf58b95,Bitcoin Up or Down on March 14?,0.508,0.5,0.008,NO_TRADE,,,2026-03-14T08:31:30.445252
0x6522287fb91b15bfc00e2777fef81362c6eeb973a4f75d48e0a74eaad8442eef,"Will the price of Bitcoin be above $70,000 on March 14?",0.516,0.5,0.016,NO_TRADE,,,2026-03-14T08:31:33.578930
0x47c5f5722c35776e7a6d4d42096bcd7b229f300785db47b784f202c1d81943ba,"Will the price of Bitcoin be above $76,000 on March 14?",0.516,0.5,0.016,NO_TRADE,,,2026-03-14T08:31:36.320462
0x1b5afb9aef4a5e07d71f5a8857c6eba89b38658f05dfc5f593c63e36d22d600d,"Will Elon Musk post 65-89 tweets from March 12 to March 14, 2026?",0.484,0.5,-0.016,NO_TRADE,,,2026-03-14T08:31:39.344679
0xd449d1b24dedffb0143bbb07d957f724f13292bcebf8e11bb961864c9436de9b,"Will the price of Bitcoin be above $66,000 on March 14?",0.516,0.5,0.016,NO_TRADE,,,2026-03-14T08:31:42.478264
0x67ec4092391ea4d4c8be77921eaf0004d6eec8da257657e102865d3218e03b46,"Will Elon Musk post 165-189 tweets from March 12 to March 14, 2026?",0.484,0.5,-0.016,NO_TRADE,,,2026-03-14T08:31:46.058492
0x0d7df475442dc327a13f0f5e8e46bebb22b1814b9707aa08b1188265616cc37c,Will Chelsea FC win on 2026-03-14?,0.516,0.5,0.016,NO_TRADE,,,2026-03-14T08:31:50.083476
0x5d4fbc606c90f11cf2217a86939df08e705348572acba2fcccc792ef8b7c1c4b,Hornets vs. Spurs,0.508,0.5,0.008,NO_TRADE,,,2026-03-14T08:31:52.600757
0x54332df56ce42c468ba846b8ff1e3232b05b65271b9113957a8b5b6a66c69691,Will Juventus FC win on 2026-03-14?,0.516,0.5,0.016,NO_TRADE,,,2026-03-14T08:31:55.159327
0x4de57496404e5e63c2d1d16a4875d7b18a40e2004990003dc6ea1c35e9912002,Will Manchester City FC win on 2026-03-14?,0.516,0.5,0.016,NO_TRADE,,,2026-03-14T08:31:57.892256
0x74c65abc26d296ba15e6cced65162c0ff2876a096bfe0506b9ed4b59faab73eb,Wizards vs. Celtics,0.516,0.5,0.016,NO_TRADE,,,2026-03-14T08:32:01.449007
0x28a1883267fbae3ecb536c0476e3477b744428e9ae50a106d1702cade00794c1,Will F1 win Best Picture at the 98th Academy Awards?,0.164,0.5,0.336,BUY_NO,,,2026-03-14T08:32:03.967650
0xc34af25221919b98a6c1a743f76cb5f2dca39eccaff88327adb160cf8e4ce2a9,Magic vs. Heat,0.5,0.5,0.0,NO_TRADE,,,2026-03-14T08:32:06.958135
0xd6f86ea13d4ed7651d4af061d95a2dea13944fb0c6d0372a2a995581181b8acd,Blackhawks vs. Golden Knights,0.516,0.5,0.016,NO_TRADE,,,2026-03-14T08:32:09.732287
0xacc807909f02f4f73cfc2e1df9143797e7ddbd7013b7b8c16fdb0c904e5270c8,"Will Elon Musk post 160-179 tweets from March 10 to March 17, 2026?",0.484,0.5,-0.016,NO_TRADE,,,2026-03-14T08:32:13.088556
0x7f0cc8a7d4128a8eacb92f5c2138f6efc552c68168c61a1af64d6adf299e7bcc,"Will Elon Musk post 200-219 tweets from March 10 to March 17, 2026?",0.484,0.5,-0.016,NO_TRADE,,,2026-03-14T08:32:16.476423
0xdeb615a52cd114e5aa27d8344ae506a72bea81f6ed13f5915f050b615a193c20,Will the Fed decrease interest rates by 50+ bps after the March 2026 meeting?,0.46,0.5,-0.04,NO_TRADE,,,2026-03-14T08:32:20.079461
0x257b18205f908aef01ef2d1d50e6fea7d29cf5486fe04031d8b101394476faed,Will there be no change in Fed interest rates after the March 2026 meeting?,0.516,0.5,0.016,NO_TRADE,,,2026-03-14T08:32:23.308384
0x25aa90b3cd98305e849189b4e8b770fc77fe89bccb7cf9656468414e01145d38,Will the Fed increase interest rates by 25+ bps after the March 2026 meeting?,0.46,0.5,-0.04,NO_TRADE,,,2026-03-14T08:32:25.979641
0xd6c49a94948e365aa74c09eef54d907b7ca534b243c387c375305d5cdd1afef3,Will the Fed decrease interest rates by 25 bps after the March 2026 meeting?,0.484,0.5,-0.016,NO_TRADE,,,2026-03-14T08:32:31.373788
0x78074cc3840c7b117c2d8ce9b8a457003ec3bc22290dd371a237f0cc839c8113,"Will Elon Musk post 20-39 tweets from March 13 to March 20, 2026?",0.516,0.5,0.016,NO_TRADE,,,2026-03-14T08:32:34.092313
0xbeea42eda72fef9d80590e81017c0e23fb9bf8165f04ac1ed41608c3e0dfbdad,Will Athletic Club win on 2026-03-14?,0.516,0.5,0.016,NO_TRADE,,,2026-03-14T08:35:24.451312
0xd7d2ffb23055dd84076a8133e48a71588c05ffe016020e3672672f4e4a9e3dc6,Dota 2: Tundra Esports vs Team Spirit (BO3) - PGL Wallachia Playoffs,0.5,0.5,0.0,NO_TRADE,,,2026-03-14T08:35:27.670259
0xd331855f9eff6aa26c50b539294f83b89b5075b4b207dd419aab09ff02a18960,Will FC Bayern München win on 2026-03-14?,0.516,0.5,0.016,NO_TRADE,,,2026-03-14T08:35:31.512885
0xe47940007e6002e6d023bd4413c3e69544f119b11a0e6351e97f63fa6fd04238,Will Brighton & Hove Albion FC win on 2026-03-14?,0.5,0.5,0.0,NO_TRADE,,,2026-03-14T08:35:34.296154
0x8f21d0bd6a02c79b572904aff2952aaf6d02d13cc2db0e8bd4f69a441f34dec0,Will Club Atlético de Madrid win on 2026-03-14?,0.516,0.5,0.016,NO_TRADE,,,2026-03-14T08:35:36.790625
0x8e93fe4cc237f55bd12a766a45b612cb0e601522cec8f99eaf0b21050659a4ac,"Will the price of Bitcoin be above $78,000 on March 14?",0.516,0.5,0.016,NO_TRADE,,,2026-03-14T08:35:40.113845
0x252365358641fba66314860d03443b424f73ae866ccf96c8b818d63f76e2cc48,"Will Elon Musk post 140-164 tweets from March 12 to March 14, 2026?",0.516,0.5,0.016,NO_TRADE,,,2026-03-14T08:35:42.790426
0xcc4fcff4e54b39369aca2fae62016abd8295d5c0a8d70024e81f39a8e1307914,"Will the price of Bitcoin be above $72,000 on March 14?",0.516,0.5,0.016,NO_TRADE,,,2026-03-14T08:35:45.960782
0xd270864cc404f4efa083bfad216ff60c02fa5ec5e020d4175bdf534e85203cee,"Will the price of Bitcoin be above $74,000 on March 14?",0.516,0.5,0.016,NO_TRADE,,,2026-03-14T08:35:48.405896
0x43a1f4a4ffc473e53d6f22121825d51fc4f533fbd1414a9f0f755a220bf58b95,Bitcoin Up or Down on March 14?,0.508,0.5,0.008,NO_TRADE,,,2026-03-14T08:35:51.176304
0x6522287fb91b15bfc00e2777fef81362c6eeb973a4f75d48e0a74eaad8442eef,"Will the price of Bitcoin be above $70,000 on March 14?",0.516,0.5,0.016,NO_TRADE,,,2026-03-14T08:35:53.553187
0x47c5f5722c35776e7a6d4d42096bcd7b229f300785db47b784f202c1d81943ba,"Will the price of Bitcoin be above $76,000 on March 14?",0.516,0.5,0.016,NO_TRADE,,,2026-03-14T08:35:55.901137
0x1b5afb9aef4a5e07d71f5a8857c6eba89b38658f05dfc5f593c63e36d22d600d,"Will Elon Musk post 65-89 tweets from March 12 to March 14, 2026?",0.484,0.5,-0.016,NO_TRADE,,,2026-03-14T08:35:59.149757
0xd449d1b24dedffb0143bbb07d957f724f13292bcebf8e11bb961864c9436de9b,"Will the price of Bitcoin be above $66,000 on March 14?",0.516,0.5,0.016,NO_TRADE,,,2026-03-14T08:36:02.166203
0x67ec4092391ea4d4c8be77921eaf0004d6eec8da257657e102865d3218e03b46,"Will Elon Musk post 165-189 tweets from March 12 to March 14, 2026?",0.484,0.5,-0.016,NO_TRADE,,,2026-03-14T08:36:04.991690
0x0d7df475442dc327a13f0f5e8e46bebb22b1814b9707aa08b1188265616cc37c,Will Chelsea FC win on 2026-03-14?,0.516,0.5,0.016,NO_TRADE,,,2026-03-14T08:36:07.936171
0x5d4fbc606c90f11cf2217a86939df08e705348572acba2fcccc792ef8b7c1c4b,Hornets vs. Spurs,0.508,0.5,0.008,NO_TRADE,,,2026-03-14T08:36:11.462250
0x54332df56ce42c468ba846b8ff1e3232b05b65271b9113957a8b5b6a66c69691,Will Juventus FC win on 2026-03-14?,0.516,0.5,0.016,NO_TRADE,,,2026-03-14T08:36:14.205913
0x4de57496404e5e63c2d1d16a4875d7b18a40e2004990003dc6ea1c35e9912002,Will Manchester City FC win on 2026-03-14?,0.516,0.5,0.016,NO_TRADE,,,2026-03-14T08:36:17.361584
0x74c65abc26d296ba15e6cced65162c0ff2876a096bfe0506b9ed4b59faab73eb,Wizards vs. Celtics,0.516,0.5,0.016,NO_TRADE,,,2026-03-14T08:36:20.367001
0x28a1883267fbae3ecb536c0476e3477b744428e9ae50a106d1702cade00794c1,Will F1 win Best Picture at the 98th Academy Awards?,0.164,0.5,0.336,BUY_NO,,,2026-03-14T08:36:23.795934
0xc34af25221919b98a6c1a743f76cb5f2dca39eccaff88327adb160cf8e4ce2a9,Magic vs. Heat,0.5,0.5,0.0,NO_TRADE,,,2026-03-14T08:36:26.167360
0xd6f86ea13d4ed7651d4af061d95a2dea13944fb0c6d0372a2a995581181b8acd,Blackhawks vs. Golden Knights,0.508,0.5,0.008,NO_TRADE,,,2026-03-14T08:36:28.374072
0xacc807909f02f4f73cfc2e1df9143797e7ddbd7013b7b8c16fdb0c904e5270c8,"Will Elon Musk post 160-179 tweets from March 10 to March 17, 2026?",0.484,0.5,-0.016,NO_TRADE,,,2026-03-14T08:36:32.085215
0xdeb615a52cd114e5aa27d8344ae506a72bea81f6ed13f5915f050b615a193c20,Will the Fed decrease interest rates by 50+ bps after the March 2026 meeting?,0.46,0.5,-0.04,NO_TRADE,,,2026-03-14T08:36:35.119904
0x257b18205f908aef01ef2d1d50e6fea7d29cf5486fe04031d8b101394476faed,Will there be no change in Fed interest rates after the March 2026 meeting?,0.484,0.5,-0.016,NO_TRADE,,,2026-03-14T08:36:38.086988
0x25aa90b3cd98305e849189b4e8b770fc77fe89bccb7cf9656468414e01145d38,Will the Fed increase interest rates by 25+ bps after the March 2026 meeting?,0.484,0.5,-0.016,NO_TRADE,,,2026-03-14T08:36:40.831563
0xd6c49a94948e365aa74c09eef54d907b7ca534b243c387c375305d5cdd1afef3,Will the Fed decrease interest rates by 25 bps after the March 2026 meeting?,0.516,0.5,0.016,NO_TRADE,,,2026-03-14T08:36:43.466929
0x78074cc3840c7b117c2d8ce9b8a457003ec3bc22290dd371a237f0cc839c8113,"Will Elon Musk post 20-39 tweets from March 13 to March 20, 2026?",0.516,0.5,0.016,NO_TRADE,,,2026-03-14T08:36:46.837275
0x6e56e52e43dc41e64b96ce9947110aa5e6acad7e13e7d7920fccb8ec1363ea80,"Will Elon Musk post 60-79 tweets from March 13 to March 20, 2026?",0.516,0.5,0.016,NO_TRADE,,,2026-03-14T08:36:49.839717
0xbeea42eda72fef9d80590e81017c0e23fb9bf8165f04ac1ed41608c3e0dfbdad,Will Athletic Club win on 2026-03-14?,0.516,0.5,0.016,NO_TRADE,,,2026-03-14T08:44:40.828391
0xd7d2ffb23055dd84076a8133e48a71588c05ffe016020e3672672f4e4a9e3dc6,Dota 2: Tundra Esports vs Team Spirit (BO3) - PGL Wallachia Playoffs,0.5,0.5,0.0,NO_TRADE,,,2026-03-14T08:44:43.859172
0xd331855f9eff6aa26c50b539294f83b89b5075b4b207dd419aab09ff02a18960,Will FC Bayern München win on 2026-03-14?,0.516,0.5,0.016,NO_TRADE,,,2026-03-14T08:44:47.459346
0xe47940007e6002e6d023bd4413c3e69544f119b11a0e6351e97f63fa6fd04238,Will Brighton & Hove Albion FC win on 2026-03-14?,0.5,0.5,0.0,NO_TRADE,,,2026-03-14T08:44:50.627285
0x8f21d0bd6a02c79b572904aff2952aaf6d02d13cc2db0e8bd4f69a441f34dec0,Will Club Atlético de Madrid win on 2026-03-14?,0.516,0.5,0.016,NO_TRADE,,,2026-03-14T08:44:54.304504
0x8e93fe4cc237f55bd12a766a45b612cb0e601522cec8f99eaf0b21050659a4ac,"Will the price of Bitcoin be above $78,000 on March 14?",0.516,0.5,0.016,NO_TRADE,,,2026-03-14T08:44:57.044433
0x252365358641fba66314860d03443b424f73ae866ccf96c8b818d63f76e2cc48,"Will Elon Musk post 140-164 tweets from March 12 to March 14, 2026?",0.484,0.5,-0.016,NO_TRADE,,,2026-03-14T08:45:01.055363
0xd270864cc404f4efa083bfad216ff60c02fa5ec5e020d4175bdf534e85203cee,"Will the price of Bitcoin be above $74,000 on March 14?",0.516,0.5,0.016,NO_TRADE,,,2026-03-14T08:45:03.492620
0xcc4fcff4e54b39369aca2fae62016abd8295d5c0a8d70024e81f39a8e1307914,"Will the price of Bitcoin be above $72,000 on March 14?",0.516,0.5,0.016,NO_TRADE,,,2026-03-14T08:45:06.519643
0x43a1f4a4ffc473e53d6f22121825d51fc4f533fbd1414a9f0f755a220bf58b95,Bitcoin Up or Down on March 14?,0.508,0.5,0.008,NO_TRADE,,,2026-03-14T08:45:11.202717
0x6522287fb91b15bfc00e2777fef81362c6eeb973a4f75d48e0a74eaad8442eef,"Will the price of Bitcoin be above $70,000 on March 14?",0.516,0.5,0.016,NO_TRADE,,,2026-03-14T08:45:13.953058
0x47c5f5722c35776e7a6d4d42096bcd7b229f300785db47b784f202c1d81943ba,"Will the price of Bitcoin be above $76,000 on March 14?",0.516,0.5,0.016,NO_TRADE,,,2026-03-14T08:45:17.735019
0x1b5afb9aef4a5e07d71f5a8857c6eba89b38658f05dfc5f593c63e36d22d600d,"Will Elon Musk post 65-89 tweets from March 12 to March 14, 2026?",0.484,0.5,-0.016,NO_TRADE,,,2026-03-14T08:45:20.760885
0xd449d1b24dedffb0143bbb07d957f724f13292bcebf8e11bb961864c9436de9b,"Will the price of Bitcoin be above $66,000 on March 14?",0.516,0.5,0.016,NO_TRADE,,,2026-03-14T08:45:23.777039
0x67ec4092391ea4d4c8be77921eaf0004d6eec8da257657e102865d3218e03b46,"Will Elon Musk post 165-189 tweets from March 12 to March 14, 2026?",0.484,0.5,-0.016,NO_TRADE,,,2026-03-14T08:45:27.248773
0x0d7df475442dc327a13f0f5e8e46bebb22b1814b9707aa08b1188265616cc37c,Will Chelsea FC win on 2026-03-14?,0.516,0.5,0.016,NO_TRADE,,,2026-03-14T08:45:29.969876
0x5d4fbc606c90f11cf2217a86939df08e705348572acba2fcccc792ef8b7c1c4b,Hornets vs. Spurs,0.516,0.5,0.016,NO_TRADE,,,2026-03-14T08:45:32.787459
0x54332df56ce42c468ba846b8ff1e3232b05b65271b9113957a8b5b6a66c69691,Will Juventus FC win on 2026-03-14?,0.516,0.5,0.016,NO_TRADE,,,2026-03-14T08:45:35.669382
0x4de57496404e5e63c2d1d16a4875d7b18a40e2004990003dc6ea1c35e9912002,Will Manchester City FC win on 2026-03-14?,0.516,0.5,0.016,NO_TRADE,,,2026-03-14T08:45:38.610682
0x74c65abc26d296ba15e6cced65162c0ff2876a096bfe0506b9ed4b59faab73eb,Wizards vs. Celtics,0.516,0.5,0.016,NO_TRADE,,,2026-03-14T08:45:41.913820
0x28a1883267fbae3ecb536c0476e3477b744428e9ae50a106d1702cade00794c1,Will F1 win Best Picture at the 98th Academy Awards?,0.14,0.5,0.36,BUY_NO,,,2026-03-14T08:45:45.104993
0xc34af25221919b98a6c1a743f76cb5f2dca39eccaff88327adb160cf8e4ce2a9,Magic vs. Heat,0.5,0.5,0.0,NO_TRADE,,,2026-03-14T08:45:47.780029
0xd6f86ea13d4ed7651d4af061d95a2dea13944fb0c6d0372a2a995581181b8acd,Blackhawks vs. Golden Knights,0.508,0.5,0.008,NO_TRADE,,,2026-03-14T08:45:51.543555
0xacc807909f02f4f73cfc2e1df9143797e7ddbd7013b7b8c16fdb0c904e5270c8,"Will Elon Musk post 160-179 tweets from March 10 to March 17, 2026?",0.484,0.5,-0.016,NO_TRADE,,,2026-03-14T08:45:54.825645
0xdeb615a52cd114e5aa27d8344ae506a72bea81f6ed13f5915f050b615a193c20,Will the Fed decrease interest rates by 50+ bps after the March 2026 meeting?,0.436,0.5,0.064,BUY_NO,,,2026-03-14T08:45:57.676891
0x257b18205f908aef01ef2d1d50e6fea7d29cf5486fe04031d8b101394476faed,Will there be no change in Fed interest rates after the March 2026 meeting?,0.516,0.5,0.016,NO_TRADE,,,2026-03-14T08:46:00.856624
0x25aa90b3cd98305e849189b4e8b770fc77fe89bccb7cf9656468414e01145d38,Will the Fed increase interest rates by 25+ bps after the March 2026 meeting?,0.46,0.5,-0.04,NO_TRADE,,,2026-03-14T08:46:04.060676
0xd6c49a94948e365aa74c09eef54d907b7ca534b243c387c375305d5cdd1afef3,Will the Fed decrease interest rates by 25 bps after the March 2026 meeting?,0.46,0.5,-0.04,NO_TRADE,,,2026-03-14T08:46:07.114770
0x78074cc3840c7b117c2d8ce9b8a457003ec3bc22290dd371a237f0cc839c8113,"Will Elon Musk post 20-39 tweets from March 13 to March 20, 2026?",0.516,0.5,0.016,NO_TRADE,,,2026-03-14T08:46:09.866928
0x6e56e52e43dc41e64b96ce9947110aa5e6acad7e13e7d7920fccb8ec1363ea80,"Will Elon Musk post 60-79 tweets from March 13 to March 20, 2026?",0.484,0.5,-0.016,NO_TRADE,,,2026-03-14T08:46:13.247040
0xd311f31f24fc009f37157404c55e1d0b93c7654945a2f4e6f10eb4a072d1e9d8,Ducks vs. Senators,0.5,0.5,0.0,NO_TRADE,,,2026-03-14T14:30:47.456051
0x66113f4fc24e331871d02c240654851ae936dbe56a9bb9c42f2f3effce36757a,Spread: 76ers (-9.5),0.516,0.5,0.016,NO_TRADE,,,2026-03-14T14:30:50.136373
0x9cb958783f93bd62c5beb7c82909e498069d20cf1e5b9034c6f675aa4f37aba8,Spread: 76ers (-8.5),0.516,0.5,0.016,NO_TRADE,,,2026-03-14T14:30:52.862840
0x0d7df475442dc327a13f0f5e8e46bebb22b1814b9707aa08b1188265616cc37c,Will Chelsea FC win on 2026-03-14?,0.516,0.5,0.016,NO_TRADE,,,2026-03-14T14:30:56.524251
0x25ae0b3ce0af14431a45ce7f36f7f07f5ea0fc8a0fa8051a9ed61db5ceeb79c1,Will Arsenal FC win on 2026-03-14?,0.516,0.5,0.016,NO_TRADE,,,2026-03-14T14:30:59.349873
0xdead5cea5fa6e4a9a2fb1dd3ecb948b7a3504392e8ce0203a0ef62e6c3baf8eb,Bucks vs. Hawks: O/U 230.5,0.508,0.5,0.008,NO_TRADE,,,2026-03-14T14:31:01.491244
0x1813f5f26f269a677d6d72a5502d2f0f008426374a6ecaef982717574f29bc16,Bucks vs. Hawks,0.5,0.5,0.0,NO_TRADE,,,2026-03-14T14:31:03.808879
0x5d4fbc606c90f11cf2217a86939df08e705348572acba2fcccc792ef8b7c1c4b,Hornets vs. Spurs,0.508,0.5,0.008,NO_TRADE,,,2026-03-14T14:31:06.562139
0x4de57496404e5e63c2d1d16a4875d7b18a40e2004990003dc6ea1c35e9912002,Will Manchester City FC win on 2026-03-14?,0.516,0.5,0.016,NO_TRADE,,,2026-03-14T14:31:09.387251
0x056e5327893e1488134b69ef7bff7c600219227939211974645e1f6ac1da0735,Counter-Strike: Natus Vincere vs FUT Esports (BO3) - ESL Pro League Playoffs,0.5,0.5,0.0,NO_TRADE,,,2026-03-14T14:31:11.784469
0x74c65abc26d296ba15e6cced65162c0ff2876a096bfe0506b9ed4b59faab73eb,Wizards vs. Celtics,0.516,0.5,0.016,NO_TRADE,,,2026-03-14T14:31:14.483916
0x10e7534a1032b549e6e4e487fb494c645028b7b8e976dd52f4ec5da37111fdc7,Spread: Celtics (-19.5),0.484,0.5,-0.016,NO_TRADE,,,2026-03-14T14:31:17.098329
0x3fe5032148c141e64d7fbe9a8ee13a25a87c57252f69e24d079b39fa9aa5619e,Counter-Strike: Aurora Gaming vs Astralis (BO3) - ESL Pro League Playoffs,0.5,0.5,0.0,NO_TRADE,,,2026-03-14T14:31:19.989566
0x28a1883267fbae3ecb536c0476e3477b744428e9ae50a106d1702cade00794c1,Will F1 win Best Picture at the 98th Academy Awards?,0.164,0.5,0.336,BUY_NO,,,2026-03-14T14:31:22.761623
0xc34af25221919b98a6c1a743f76cb5f2dca39eccaff88327adb160cf8e4ce2a9,Magic vs. Heat,0.508,0.5,0.008,NO_TRADE,,,2026-03-14T14:31:25.584014
0xc2587749c3f96ebaa8fd61da783cc06eda7da7de13bde783b00921b53cddb74c,Nuggets vs. Lakers,0.508,0.5,0.008,NO_TRADE,,,2026-03-14T14:31:28.156547
0xd6f86ea13d4ed7651d4af061d95a2dea13944fb0c6d0372a2a995581181b8acd,Blackhawks vs. Golden Knights,0.516,0.5,0.016,NO_TRADE,,,2026-03-14T14:31:30.927260
0x9b64a31d42f142e399ea9db91f53cb491993e5aad3a141fc70061d1384be5a4d,"Will Elon Musk post 220-239 tweets from March 10 to March 17, 2026?",0.484,0.5,-0.016,NO_TRADE,,,2026-03-14T14:31:33.759373
0xdeb615a52cd114e5aa27d8344ae506a72bea81f6ed13f5915f050b615a193c20,Will the Fed decrease interest rates by 50+ bps after the March 2026 meeting?,0.484,0.5,-0.016,NO_TRADE,,,2026-03-14T14:31:36.685960
0x257b18205f908aef01ef2d1d50e6fea7d29cf5486fe04031d8b101394476faed,Will there be no change in Fed interest rates after the March 2026 meeting?,0.484,0.5,-0.016,NO_TRADE,,,2026-03-14T14:31:43.835896
0xd6c49a94948e365aa74c09eef54d907b7ca534b243c387c375305d5cdd1afef3,Will the Fed decrease interest rates by 25 bps after the March 2026 meeting?,0.516,0.5,0.016,NO_TRADE,,,2026-03-14T14:31:46.886425
0x25aa90b3cd98305e849189b4e8b770fc77fe89bccb7cf9656468414e01145d38,Will the Fed increase interest rates by 25+ bps after the March 2026 meeting?,0.484,0.5,-0.016,NO_TRADE,,,2026-03-14T14:31:49.919171
0x61ce3773237a948584e422de72265f937034af418a8b703e3a860ea62e59ff36,Will the Iranian regime fall by March 31?,0.132,0.5,0.368,BUY_NO,,,2026-03-14T14:31:52.608650
0x09e8f0db05570a5048fdccdae58a52c608aa6cf640ced2190dcbeb52ce52f491,Will Crude Oil (CL) hit (HIGH) $200 by end of March?,0.164,0.5,0.336,BUY_NO,,,2026-03-14T14:31:55.825507
0xc5300759dc2089042380795fe7384010a6b6ebdf9e6da7ed3f786d9a5f61c563,Will Crude Oil (CL) hit (HIGH) $100 by end of March?,0.516,0.5,0.016,NO_TRADE,,,2026-03-14T14:31:59.074659
0x814657a16a3c5b39834864251372e30f68ddcd0f040c5c6a83a52cddb2c35226,Will Crude Oil (CL) hit (HIGH) $110 by end of March?,0.436,0.5,0.064,BUY_NO,,,2026-03-14T14:32:01.621802
0x1d54eb5eac2cee8f595f3097c65da7d07f8ab5dee63d7c0c6883eb70e1e9af30,"Russia x Ukraine ceasefire by March 31, 2026?",0.436,0.5,0.064,BUY_NO,,,2026-03-14T14:32:04.095081
0xd2fec41b981be8fc40d6710186e4c03c10c840b1d8944f79febe7e107600765f,Will MrBeast's next video get 90 million or more views on week 1?,0.436,0.5,0.064,BUY_NO,,,2026-03-14T14:32:06.739571
0xee9674c8393bea1f79957642fd4fb3019609440d4003c4f6d8cd1b2e4cabc24c,Will MrBeast's next video get between 70 and 80 million views on week 1?,0.484,0.5,-0.016,NO_TRADE,,,2026-03-14T14:32:09.136247
0x705479cc3e7cf2907997c62b4245356c48b5133f7d82a47829a2354dd77a7c51,Will the U.S. invade Iran by March 31?,0.132,0.5,0.368,BUY_NO,,,2026-03-14T14:32:11.486815
0xf7cc7f51e1cd6a07a0677e4d7683ace88666d417b14b9deec9d590584b2e0064,Sharks vs. Senators,0.5,0.5,0.0,NO_TRADE,,,2026-03-15T03:30:37.824430
0xdeb615a52cd114e5aa27d8344ae506a72bea81f6ed13f5915f050b615a193c20,Will the Fed decrease interest rates by 50+ bps after the March 2026 meeting?,0.484,0.5,-0.016,NO_TRADE,,,2026-03-15T03:30:41.703756
0x25aa90b3cd98305e849189b4e8b770fc77fe89bccb7cf9656468414e01145d38,Will the Fed increase interest rates by 25+ bps after the March 2026 meeting?,0.46,0.5,-0.04,NO_TRADE,,,2026-03-15T03:30:44.321533
0xd6c49a94948e365aa74c09eef54d907b7ca534b243c387c375305d5cdd1afef3,Will the Fed decrease interest rates by 25 bps after the March 2026 meeting?,0.484,0.5,-0.016,NO_TRADE,,,2026-03-15T03:30:46.955393
0x257b18205f908aef01ef2d1d50e6fea7d29cf5486fe04031d8b101394476faed,Will there be no change in Fed interest rates after the March 2026 meeting?,0.5,0.5,0.0,NO_TRADE,,,2026-03-15T03:30:49.824301
0x4ed2379e144fbcc3c0e410391b2ec6ec1881651e5273f6f7160759db0c7f1d4d,BNP Paribas Open: Carlos Alcaraz vs Daniil Medvedev,0.516,0.5,0.016,NO_TRADE,,,2026-03-15T03:30:52.474638
0xd99e53656b0aed6bfa9420e6593dc48b4ace02e666feb96d3be3a0090be7579f,Final Stage: Japan vs. Venezuela,0.516,0.5,0.016,NO_TRADE,,,2026-03-15T03:30:55.464083
0x61ce3773237a948584e422de72265f937034af418a8b703e3a860ea62e59ff36,Will the Iranian regime fall by March 31?,0.116,0.5,0.384,BUY_NO,,,2026-03-15T03:30:57.712425
0x1d54eb5eac2cee8f595f3097c65da7d07f8ab5dee63d7c0c6883eb70e1e9af30,"Russia x Ukraine ceasefire by March 31, 2026?",0.3,0.5,0.2,BUY_NO,,,2026-03-15T03:31:00.836947
0x814657a16a3c5b39834864251372e30f68ddcd0f040c5c6a83a52cddb2c35226,Will Crude Oil (CL) hit (HIGH) $110 by end of March?,0.3,0.5,0.2,BUY_NO,,,2026-03-15T03:31:03.725791
0xf64f880b571d7a70d858649d30f0843aa57307e304aeb617349df74ce34d044e,Will Crude Oil (CL) hit (HIGH) $120 by end of March?,0.3,0.5,0.2,BUY_NO,,,2026-03-15T03:31:06.158929
0x92d2f5f693619c0154d55538a84a3943e787a8ca67907a8e7e5064b0048c83a7,Will Crude Oil (CL) hit (HIGH) $150 by end of March?,0.22,0.5,0.28,BUY_NO,,,2026-03-15T03:31:08.717094
0xc5300759dc2089042380795fe7384010a6b6ebdf9e6da7ed3f786d9a5f61c563,Will Crude Oil (CL) hit (HIGH) $100 by end of March?,0.516,0.5,0.016,NO_TRADE,,,2026-03-15T03:31:11.890153
0x4befb52f7cd2b606c63731ad74e677325ff0ed0f48f1104552a34f0f54619ea3,Kharg Island no longer under Iranian control by March 31?,0.164,0.5,0.336,BUY_NO,,,2026-03-15T03:31:15.663717
0x561ffbf7de21ef3781c441f30536b026d2b301d7a4a0145a8f526f98db049ba2,"Will Bitcoin reach $150,000 in March?",0.516,0.5,0.016,NO_TRADE,,,2026-03-15T03:31:22.267762
0x77613dea63e78ace0e890c1da8649283bf705cf6f15b55af0359f51841caf288,"Will Bitcoin dip to $20,000 in March?",0.22,0.5,0.28,BUY_NO,,,2026-03-15T03:31:25.631865
0xa7a9755e95e3809cd57814a2e32bcae9c752f5403a5eef12c6cc509ea10b1c9e,"Will Ethereum reach $4,000 in March?",0.516,0.5,0.016,NO_TRADE,,,2026-03-15T03:31:28.228895
0x13496fa2338f07e366c573f3e274ba4966fdffcb8dd76d5aea98d35ac36ae783,Will LMP – Hungary’s Green Party (LMP) win the most seats in the next Hungarian parliamentary election?,0.164,0.5,0.336,BUY_NO,,,2026-03-15T03:31:30.985523
0x9d9e22b8b290d01371f2913c288bbf5026d3ebd31bb45a4fc7996eb9a1681440,Will Jordan Spieth win the 2026 Masters tournament?,0.164,0.5,0.336,BUY_NO,,,2026-03-15T03:31:33.911804
0xe7c5657641a38ffa08fb9331b2ae00b5c11cd89b8a48ab102beb157b58176096,Will Jason Day win the 2026 Masters tournament?,0.164,0.5,0.336,BUY_NO,,,2026-03-15T03:31:36.861136
0xe3b68f12b7179613c37104625fc0b0f5902ba750817a05e7a7de32a1e9d08b30,Timberwolves vs. Thunder,0.508,0.5,0.008,NO_TRADE,,,2026-03-15T08:30:55.451139
0xf7cc7f51e1cd6a07a0677e4d7683ace88666d417b14b9deec9d590584b2e0064,Sharks vs. Senators,0.484,0.5,-0.016,NO_TRADE,,,2026-03-15T08:30:58.544828
0xc4eea371cd2a7677f60501f4f39d977e77ba28ceeea94fa4541db97940a87ab9,Warriors vs. Knicks,0.516,0.5,0.016,NO_TRADE,,,2026-03-15T08:31:01.928834
0x81672be3a86cb59edbdf292fa223d2a74703eb4e3f0bf570587bcae830928822,Jazz vs. Kings,0.5,0.5,0.0,NO_TRADE,,,2026-03-15T08:31:04.497960
0x0498270ebced6e593d0c1b026818470d784bb27604d540dbb0e4fe2bbf824353,"Will the price of Bitcoin be above $78,000 on March 16?",0.516,0.5,0.016,NO_TRADE,,,2026-03-15T08:31:07.462915
0x9b64a31d42f142e399ea9db91f53cb491993e5aad3a141fc70061d1384be5a4d,"Will Elon Musk post 220-239 tweets from March 10 to March 17, 2026?",0.516,0.5,0.016,NO_TRADE,,,2026-03-15T08:31:10.061859
0x66833180c7eb5b23cc5196456c8f34da7438d6a500ba4a9bed7e8b06aa5456bb,LoL: Gen.G vs JD Gaming (BO5) - First Stand Group B,0.5,0.5,0.0,NO_TRADE,,,2026-03-15T08:31:12.420695
0x25aa90b3cd98305e849189b4e8b770fc77fe89bccb7cf9656468414e01145d38,Will the Fed increase interest rates by 25+ bps after the March 2026 meeting?,0.436,0.5,0.064,BUY_NO,,,2026-03-15T08:31:15.409593
0xdeb615a52cd114e5aa27d8344ae506a72bea81f6ed13f5915f050b615a193c20,Will the Fed decrease interest rates by 50+ bps after the March 2026 meeting?,0.484,0.5,-0.016,NO_TRADE,,,2026-03-15T08:31:18.736114
0xd6c49a94948e365aa74c09eef54d907b7ca534b243c387c375305d5cdd1afef3,Will the Fed decrease interest rates by 25 bps after the March 2026 meeting?,0.484,0.5,-0.016,NO_TRADE,,,2026-03-15T08:31:21.906514
0x257b18205f908aef01ef2d1d50e6fea7d29cf5486fe04031d8b101394476faed,Will there be no change in Fed interest rates after the March 2026 meeting?,0.484,0.5,-0.016,NO_TRADE,,,2026-03-15T08:31:24.553359
0xd03dee1d3f04a38fb335589c0ea0704e5abe1212ad060217fd80da10b409f6ba,T20 Series New Zealand vs South Africa: New Zealand vs South Africa,0.516,0.5,0.016,NO_TRADE,,,2026-03-15T08:31:27.487584
0xe2738f076562d9bd2d303197d15cb79212db03f3d9ae6130433ddb4aaf7d778f,"Will Elon Musk post 20-39 tweets from March 17 to March 24, 2026?",0.516,0.5,0.016,NO_TRADE,,,2026-03-15T08:31:30.236324
0x61ce3773237a948584e422de72265f937034af418a8b703e3a860ea62e59ff36,Will the Iranian regime fall by March 31?,0.164,0.5,0.336,BUY_NO,,,2026-03-15T08:31:33.913593
0x1d54eb5eac2cee8f595f3097c65da7d07f8ab5dee63d7c0c6883eb70e1e9af30,"Russia x Ukraine ceasefire by March 31, 2026?",0.46,0.5,-0.04,NO_TRADE,,,2026-03-15T08:31:37.216845
0x814657a16a3c5b39834864251372e30f68ddcd0f040c5c6a83a52cddb2c35226,Will Crude Oil (CL) hit (HIGH) $110 by end of March?,0.38,0.5,0.12,BUY_NO,,,2026-03-15T08:31:40.215419
0xf64f880b571d7a70d858649d30f0843aa57307e304aeb617349df74ce34d044e,Will Crude Oil (CL) hit (HIGH) $120 by end of March?,0.3,0.5,0.2,BUY_NO,,,2026-03-15T08:31:42.984128
0x92d2f5f693619c0154d55538a84a3943e787a8ca67907a8e7e5064b0048c83a7,Will Crude Oil (CL) hit (HIGH) $150 by end of March?,0.22,0.5,0.28,BUY_NO,,,2026-03-15T08:31:47.535320
0xfc9ee9c25abd5b966088767214c22dcf3ad1c72548e9a1dbef9d4328c170e5b5,Trump out as President by March 31?,0.132,0.5,0.368,BUY_NO,,,2026-03-15T08:31:49.908971
0x09e8f0db05570a5048fdccdae58a52c608aa6cf640ced2190dcbeb52ce52f491,Will Crude Oil (CL) hit (HIGH) $200 by end of March?,0.164,0.5,0.336,BUY_NO,,,2026-03-15T08:31:52.362544
0xbbbb08ce3ed8389596b50e67bb8ad6ae64d512901536b94a5e05269403777083,Will Baidu have the best AI model at the end of March 2026?,0.38,0.5,0.12,BUY_NO,,,2026-03-15T08:31:55.285222
0xc5300759dc2089042380795fe7384010a6b6ebdf9e6da7ed3f786d9a5f61c563,Will Crude Oil (CL) hit (HIGH) $100 by end of March?,0.508,0.5,0.008,NO_TRADE,,,2026-03-15T08:31:58.612097
0x24fb7c2d95c93a68018e6c4a90d88043bb67d32fd1454924cef8ebdd550228f3,Will Israel launch a major ground offensive in Lebanon by March 31?,0.54,0.5,0.04,NO_TRADE,,,2026-03-15T08:32:01.608303
0x2701e5a5b751418c5c5bf0faaafdea60ac9fc893eb75fd88e902cd97458d375b,"Will China invade Taiwan by March 31, 2026?",0.164,0.5,0.336,BUY_NO,,,2026-03-15T08:32:04.427317
0x4befb52f7cd2b606c63731ad74e677325ff0ed0f48f1104552a34f0f54619ea3,Kharg Island no longer under Iranian control by March 31?,0.22,0.5,0.28,BUY_NO,,,2026-03-15T08:32:07.062777
0x561ffbf7de21ef3781c441f30536b026d2b301d7a4a0145a8f526f98db049ba2,"Will Bitcoin reach $150,000 in March?",0.46,0.5,-0.04,NO_TRADE,,,2026-03-15T08:32:10.222122
0x77613dea63e78ace0e890c1da8649283bf705cf6f15b55af0359f51841caf288,"Will Bitcoin dip to $20,000 in March?",0.3,0.5,0.2,BUY_NO,,,2026-03-15T08:32:13.229740
0xa7a9755e95e3809cd57814a2e32bcae9c752f5403a5eef12c6cc509ea10b1c9e,"Will Ethereum reach $4,000 in March?",0.516,0.5,0.016,NO_TRADE,,,2026-03-15T08:32:15.995312
0x4bf927342615e0775ae85642bf003345c60f11a872c3a7319c885f2bb9cc3ee0,Will Ethereum dip to $200 in March?,0.164,0.5,0.336,BUY_NO,,,2026-03-15T08:32:20.957908
0x13496fa2338f07e366c573f3e274ba4966fdffcb8dd76d5aea98d35ac36ae783,Will LMP – Hungary’s Green Party (LMP) win the most seats in the next Hungarian parliamentary election?,0.116,0.5,0.384,BUY_NO,,,2026-03-15T08:32:23.463305
0xe8d8b46f28bbc72704e39e0a6ad2b382126a5e24892160195afcb584227b0086,Timberwolves vs. Thunder: O/U 223.5,0.516,0.5,0.016,NO_TRADE,,,2026-03-15T14:30:50.650100
0xe3b68f12b7179613c37104625fc0b0f5902ba750817a05e7a7de32a1e9d08b30,Timberwolves vs. Thunder,0.516,0.5,0.016,NO_TRADE,,,2026-03-15T14:30:54.630864
0x8ad8b1e1cd8aeb019722c775727b428b5d900dec293a9604daea2df9b8386e30,Timberwolves vs. Thunder: O/U 225.5,0.516,0.5,0.016,NO_TRADE,,,2026-03-15T14:30:58.327531
0xf5edbfaf29c7e9a158eeaa71f7748b3311a1d0bc9c500a9231d1094d376e93af,Counter-Strike: FUT Esports vs Astralis (BO3) - ESL Pro League Playoffs,0.5,0.5,0.0,NO_TRADE,,,2026-03-15T14:31:00.571479
0x108294ee633eb7aeb32588267c3bed9671732910e82772cf4aaa54167ffaf4a5,Mavericks vs. Cavaliers: O/U 235.5,0.508,0.5,0.008,NO_TRADE,,,2026-03-15T14:31:03.931457
0x1cdaa726b380399357305407c53353b5b968494cfee6b159dbd817034b0b507d,Pistons vs. Raptors: O/U 222.5,0.516,0.5,0.016,NO_TRADE,,,2026-03-15T14:31:07.310907
0xd277196552fc532d3aa80aad1e84e293b57f8bc24499d86ff703cc14ab71713c,Mavericks vs. Cavaliers,0.508,0.5,0.008,NO_TRADE,,,2026-03-15T14:31:10.970055
0x2532cdf0cf0bf479fe63743180c8c737cb0d2a1dcb426757ec23dc8a6bc0b5d1,Pistons vs. Raptors,0.508,0.5,0.008,NO_TRADE,,,2026-03-15T14:31:14.080612
0xb2bf9d05d131d909aa21faaca888a3c48bcc0ad544f1e46346541eea08f63134,Will AC Milan win on 2026-03-15?,0.516,0.5,0.016,NO_TRADE,,,2026-03-15T14:31:17.047690
0xf7cc7f51e1cd6a07a0677e4d7683ace88666d417b14b9deec9d590584b2e0064,Sharks vs. Senators,0.516,0.5,0.016,NO_TRADE,,,2026-03-15T14:31:19.887195
0x9ed21dd7e558c5ca10944cf5c9942373ee4e140d02e4e8bcf4b330cd49b79e79,Valorant: Nongshim RedForce vs Paper Rex (BO5) - VCT Masters Santiago Playoffs,0.46,0.5,-0.04,NO_TRADE,,,2026-03-15T14:31:24.157751
0xc4eea371cd2a7677f60501f4f39d977e77ba28ceeea94fa4541db97940a87ab9,Warriors vs. Knicks,0.484,0.5,-0.016,NO_TRADE,,,2026-03-15T14:31:27.558168
0x81672be3a86cb59edbdf292fa223d2a74703eb4e3f0bf570587bcae830928822,Jazz vs. Kings,0.508,0.5,0.008,NO_TRADE,,,2026-03-15T14:31:29.986660
0x0498270ebced6e593d0c1b026818470d784bb27604d540dbb0e4fe2bbf824353,"Will the price of Bitcoin be above $78,000 on March 16?",0.516,0.5,0.016,NO_TRADE,,,2026-03-15T14:31:32.768663
0x9b64a31d42f142e399ea9db91f53cb491993e5aad3a141fc70061d1384be5a4d,"Will Elon Musk post 220-239 tweets from March 10 to March 17, 2026?",0.484,0.5,-0.016,NO_TRADE,,,2026-03-15T14:31:35.634674
0x25aa90b3cd98305e849189b4e8b770fc77fe89bccb7cf9656468414e01145d38,Will the Fed increase interest rates by 25+ bps after the March 2026 meeting?,0.46,0.5,-0.04,NO_TRADE,,,2026-03-15T14:31:38.224238
0xdeb615a52cd114e5aa27d8344ae506a72bea81f6ed13f5915f050b615a193c20,Will the Fed decrease interest rates by 50+ bps after the March 2026 meeting?,0.484,0.5,-0.016,NO_TRADE,,,2026-03-15T14:31:41.352268
0xd6c49a94948e365aa74c09eef54d907b7ca534b243c387c375305d5cdd1afef3,Will the Fed decrease interest rates by 25 bps after the March 2026 meeting?,0.516,0.5,0.016,NO_TRADE,,,2026-03-15T14:31:44.537590
0x257b18205f908aef01ef2d1d50e6fea7d29cf5486fe04031d8b101394476faed,Will there be no change in Fed interest rates after the March 2026 meeting?,0.516,0.5,0.016,NO_TRADE,,,2026-03-15T14:31:47.162065
0xa3b12ccf42884ceacde0d48faceb47d2b218a577eea0c7c4e323a25730aa4512,ODI Series Bangladesh vs Pakistan: Bangladesh vs Pakistan,0.508,0.5,0.008,NO_TRADE,,,2026-03-15T14:31:49.785864
0xe2738f076562d9bd2d303197d15cb79212db03f3d9ae6130433ddb4aaf7d778f,"Will Elon Musk post 20-39 tweets from March 17 to March 24, 2026?",0.516,0.5,0.016,NO_TRADE,,,2026-03-15T14:31:52.994415
0x61ce3773237a948584e422de72265f937034af418a8b703e3a860ea62e59ff36,Will the Iranian regime fall by March 31?,0.124,0.5,0.376,BUY_NO,,,2026-03-15T14:31:55.661398
0xe477e9e13e1095cba3f2ade9a7d1735b8b4b3454a6b908d1f2c666a282ded0e9,Will The Left (Levica) win the most seats in the 2026 Slovenian parliamentary election?,0.22,0.5,0.28,BUY_NO,,,2026-03-15T14:31:58.258821
0x4480bae80086177216d36b8935a96e5347a055bb4bbacd0c2ff8d18e9b5072c3,Will Vesna – Green Party (Vesna) win the most seats in the 2026 Slovenian parliamentary election?,0.196,0.5,0.304,BUY_NO,,,2026-03-15T14:32:00.463062
0xfc9ee9c25abd5b966088767214c22dcf3ad1c72548e9a1dbef9d4328c170e5b5,Trump out as President by March 31?,0.164,0.5,0.336,BUY_NO,,,2026-03-15T14:32:02.931589
0x92d2f5f693619c0154d55538a84a3943e787a8ca67907a8e7e5064b0048c83a7,Will Crude Oil (CL) hit (HIGH) $150 by end of March?,0.196,0.5,0.304,BUY_NO,,,2026-03-15T14:32:06.183876
0x24fb7c2d95c93a68018e6c4a90d88043bb67d32fd1454924cef8ebdd550228f3,Will Israel launch a major ground offensive in Lebanon by March 31?,0.564,0.5,0.064,BUY_YES,,,2026-03-15T14:32:09.593642
0xf64f880b571d7a70d858649d30f0843aa57307e304aeb617349df74ce34d044e,Will Crude Oil (CL) hit (HIGH) $120 by end of March?,0.3,0.5,0.2,BUY_NO,,,2026-03-15T14:32:12.606644
0x1d54eb5eac2cee8f595f3097c65da7d07f8ab5dee63d7c0c6883eb70e1e9af30,"Russia x Ukraine ceasefire by March 31, 2026?",0.484,0.5,-0.016,NO_TRADE,,,2026-03-15T14:32:15.034772
0x4befb52f7cd2b606c63731ad74e677325ff0ed0f48f1104552a34f0f54619ea3,Kharg Island no longer under Iranian control by March 31?,0.22,0.5,0.28,BUY_NO,,,2026-03-15T14:32:17.757900
0x4877a70f77bd4c069e5452fcaf3e0b1f4a689e10976b739676864f6849b2607a,"Will Elon Musk post <40 tweets from March 14 to March 16, 2026?",0.516,0.5,0.016,NO_TRADE,,,2026-03-16T03:30:33.191152
0x0498270ebced6e593d0c1b026818470d784bb27604d540dbb0e4fe2bbf824353,"Will the price of Bitcoin be above $78,000 on March 16?",0.516,0.5,0.016,NO_TRADE,,,2026-03-16T03:30:35.853884
0x9b64a31d42f142e399ea9db91f53cb491993e5aad3a141fc70061d1384be5a4d,"Will Elon Musk post 220-239 tweets from March 10 to March 17, 2026?",0.484,0.5,-0.016,NO_TRADE,,,2026-03-16T03:30:38.778830
0xd9942cb47ecba9abfdc5cc09aa7062cafc2db7c45b389aafdd8a1c6330f1d7d1,"Will Elon Musk post 440-459 tweets from March 10 to March 17, 2026?",0.484,0.5,-0.016,NO_TRADE,,,2026-03-16T03:30:41.937342
0x25aa90b3cd98305e849189b4e8b770fc77fe89bccb7cf9656468414e01145d38,Will the Fed increase interest rates by 25+ bps after the March 2026 meeting?,0.484,0.5,-0.016,NO_TRADE,,,2026-03-16T03:30:44.712916
0x257b18205f908aef01ef2d1d50e6fea7d29cf5486fe04031d8b101394476faed,Will there be no change in Fed interest rates after the March 2026 meeting?,0.516,0.5,0.016,NO_TRADE,,,2026-03-16T03:30:47.538230
0xd6c49a94948e365aa74c09eef54d907b7ca534b243c387c375305d5cdd1afef3,Will the Fed decrease interest rates by 25 bps after the March 2026 meeting?,0.516,0.5,0.016,NO_TRADE,,,2026-03-16T03:30:50.289124
0xdeb615a52cd114e5aa27d8344ae506a72bea81f6ed13f5915f050b615a193c20,Will the Fed decrease interest rates by 50+ bps after the March 2026 meeting?,0.46,0.5,-0.04,NO_TRADE,,,2026-03-16T03:30:53.122094
0xc1d0323df5649b7d8c3709e6d7cd7d72750e9e9799f142a50678e8347c2dd1d9,Final Stage: Dominican Rep. vs. USA,0.5,0.5,0.0,NO_TRADE,,,2026-03-16T03:30:55.906993
0x61ce3773237a948584e422de72265f937034af418a8b703e3a860ea62e59ff36,Will the Iranian regime fall by March 31?,0.14,0.5,0.36,BUY_NO,,,2026-03-16T03:30:58.595760
0xe477e9e13e1095cba3f2ade9a7d1735b8b4b3454a6b908d1f2c666a282ded0e9,Will The Left (Levica) win the most seats in the 2026 Slovenian parliamentary election?,0.22,0.5,0.28,BUY_NO,,,2026-03-16T03:31:01.380720
0x4480bae80086177216d36b8935a96e5347a055bb4bbacd0c2ff8d18e9b5072c3,Will Vesna – Green Party (Vesna) win the most seats in the 2026 Slovenian parliamentary election?,0.22,0.5,0.28,BUY_NO,,,2026-03-16T03:31:03.973427
0xfc9ee9c25abd5b966088767214c22dcf3ad1c72548e9a1dbef9d4328c170e5b5,Trump out as President by March 31?,0.116,0.5,0.384,BUY_NO,,,2026-03-16T03:31:07.345465
0x2701e5a5b751418c5c5bf0faaafdea60ac9fc893eb75fd88e902cd97458d375b,"Will China invade Taiwan by March 31, 2026?",0.164,0.5,0.336,BUY_NO,,,2026-03-16T03:31:10.570814
0xc5300759dc2089042380795fe7384010a6b6ebdf9e6da7ed3f786d9a5f61c563,Will Crude Oil (CL) hit (HIGH) $100 by end of March?,0.516,0.5,0.016,NO_TRADE,,,2026-03-16T03:31:14.254409
0x09e8f0db05570a5048fdccdae58a52c608aa6cf640ced2190dcbeb52ce52f491,Will Crude Oil (CL) hit (HIGH) $200 by end of March?,0.164,0.5,0.336,BUY_NO,,,2026-03-16T03:31:17.037677
0x4befb52f7cd2b606c63731ad74e677325ff0ed0f48f1104552a34f0f54619ea3,Kharg Island no longer under Iranian control by March 31?,0.22,0.5,0.28,BUY_NO,,,2026-03-16T03:31:19.839417
0x561ffbf7de21ef3781c441f30536b026d2b301d7a4a0145a8f526f98db049ba2,"Will Bitcoin reach $150,000 in March?",0.46,0.5,-0.04,NO_TRADE,,,2026-03-16T03:31:22.359906
0xa7a9755e95e3809cd57814a2e32bcae9c752f5403a5eef12c6cc509ea10b1c9e,"Will Ethereum reach $4,000 in March?",0.46,0.5,-0.04,NO_TRADE,,,2026-03-16T03:31:25.677996
0x13496fa2338f07e366c573f3e274ba4966fdffcb8dd76d5aea98d35ac36ae783,Will LMP – Hungary’s Green Party (LMP) win the most seats in the next Hungarian parliamentary election?,0.164,0.5,0.336,BUY_NO,,,2026-03-16T03:31:28.157165
0x4877a70f77bd4c069e5452fcaf3e0b1f4a689e10976b739676864f6849b2607a,"Will Elon Musk post <40 tweets from March 14 to March 16, 2026?",0.516,0.5,0.016,NO_TRADE,,,2026-03-16T04:52:22.424759
0x0f89287003850cad48c11d8b953ff48debe2f35e40696d0f1405516cba6215d0,"Will the price of Bitcoin be above $66,000 on March 16?",0.516,0.5,0.016,NO_TRADE,,,2026-03-16T04:52:25.435542
0x0498270ebced6e593d0c1b026818470d784bb27604d540dbb0e4fe2bbf824353,"Will the price of Bitcoin be above $78,000 on March 16?",0.516,0.5,0.016,NO_TRADE,,,2026-03-16T04:52:28.245632
0x9b64a31d42f142e399ea9db91f53cb491993e5aad3a141fc70061d1384be5a4d,"Will Elon Musk post 220-239 tweets from March 10 to March 17, 2026?",0.516,0.5,0.016,NO_TRADE,,,2026-03-16T04:52:31.440481
0xd9942cb47ecba9abfdc5cc09aa7062cafc2db7c45b389aafdd8a1c6330f1d7d1,"Will Elon Musk post 440-459 tweets from March 10 to March 17, 2026?",0.484,0.5,-0.016,NO_TRADE,,,2026-03-16T04:52:34.544904
0x25aa90b3cd98305e849189b4e8b770fc77fe89bccb7cf9656468414e01145d38,Will the Fed increase interest rates by 25+ bps after the March 2026 meeting?,0.46,0.5,-0.04,NO_TRADE,,,2026-03-16T04:52:37.359785
0x257b18205f908aef01ef2d1d50e6fea7d29cf5486fe04031d8b101394476faed,Will there be no change in Fed interest rates after the March 2026 meeting?,0.516,0.5,0.016,NO_TRADE,,,2026-03-16T04:52:40.786737
0xd6c49a94948e365aa74c09eef54d907b7ca534b243c387c375305d5cdd1afef3,Will the Fed decrease interest rates by 25 bps after the March 2026 meeting?,0.484,0.5,-0.016,NO_TRADE,,,2026-03-16T04:52:43.214049
0xdeb615a52cd114e5aa27d8344ae506a72bea81f6ed13f5915f050b615a193c20,Will the Fed decrease interest rates by 50+ bps after the March 2026 meeting?,0.38,0.5,0.12,BUY_NO,,,2026-03-16T04:52:46.029100
0xc1d0323df5649b7d8c3709e6d7cd7d72750e9e9799f142a50678e8347c2dd1d9,Final Stage: Dominican Rep. vs. USA,0.516,0.5,0.016,NO_TRADE,,,2026-03-16T04:52:48.961123
0x61ce3773237a948584e422de72265f937034af418a8b703e3a860ea62e59ff36,Will the Iranian regime fall by March 31?,0.132,0.5,0.368,BUY_NO,,,2026-03-16T04:52:51.293438
0xe477e9e13e1095cba3f2ade9a7d1735b8b4b3454a6b908d1f2c666a282ded0e9,Will The Left (Levica) win the most seats in the 2026 Slovenian parliamentary election?,0.22,0.5,0.28,BUY_NO,,,2026-03-16T04:52:53.730529
0x4480bae80086177216d36b8935a96e5347a055bb4bbacd0c2ff8d18e9b5072c3,Will Vesna – Green Party (Vesna) win the most seats in the 2026 Slovenian parliamentary election?,0.196,0.5,0.304,BUY_NO,,,2026-03-16T04:52:56.178159
0xfc9ee9c25abd5b966088767214c22dcf3ad1c72548e9a1dbef9d4328c170e5b5,Trump out as President by March 31?,0.132,0.5,0.368,BUY_NO,,,2026-03-16T04:52:58.610164
0x2701e5a5b751418c5c5bf0faaafdea60ac9fc893eb75fd88e902cd97458d375b,"Will China invade Taiwan by March 31, 2026?",0.164,0.5,0.336,BUY_NO,,,2026-03-16T04:53:02.177473
0xc5300759dc2089042380795fe7384010a6b6ebdf9e6da7ed3f786d9a5f61c563,Will Crude Oil (CL) hit (HIGH) $100 by end of March?,0.516,0.5,0.016,NO_TRADE,,,2026-03-16T04:53:05.300755
0x09e8f0db05570a5048fdccdae58a52c608aa6cf640ced2190dcbeb52ce52f491,Will Crude Oil (CL) hit (HIGH) $200 by end of March?,0.164,0.5,0.336,BUY_NO,,,2026-03-16T04:53:07.946745
0x24fb7c2d95c93a68018e6c4a90d88043bb67d32fd1454924cef8ebdd550228f3,Will Israel launch a major ground offensive in Lebanon by March 31?,0.516,0.5,0.016,NO_TRADE,,,2026-03-16T04:53:10.579708
0x4befb52f7cd2b606c63731ad74e677325ff0ed0f48f1104552a34f0f54619ea3,Kharg Island no longer under Iranian control by March 31?,0.164,0.5,0.336,BUY_NO,,,2026-03-16T04:53:13.352378
0x561ffbf7de21ef3781c441f30536b026d2b301d7a4a0145a8f526f98db049ba2,"Will Bitcoin reach $150,000 in March?",0.356,0.5,0.144,BUY_NO,,,2026-03-16T04:53:15.874652
0xa7a9755e95e3809cd57814a2e32bcae9c752f5403a5eef12c6cc509ea10b1c9e,"Will Ethereum reach $4,000 in March?",0.46,0.5,-0.04,NO_TRADE,,,2026-03-16T04:53:18.532524
0x13496fa2338f07e366c573f3e274ba4966fdffcb8dd76d5aea98d35ac36ae783,Will LMP – Hungary’s Green Party (LMP) win the most seats in the next Hungarian parliamentary election?,0.14,0.5,0.36,BUY_NO,,,2026-03-16T04:53:20.854344
0x4877a70f77bd4c069e5452fcaf3e0b1f4a689e10976b739676864f6849b2607a,"Will Elon Musk post <40 tweets from March 14 to March 16, 2026?",0.54,0.5,0.04,NO_TRADE,,,2026-03-16T06:47:35.796488
0x0498270ebced6e593d0c1b026818470d784bb27604d540dbb0e4fe2bbf824353,"Will the price of Bitcoin be above $78,000 on March 16?",0.508,0.5,0.008,NO_TRADE,,,2026-03-16T06:47:38.577086
0x0f89287003850cad48c11d8b953ff48debe2f35e40696d0f1405516cba6215d0,"Will the price of Bitcoin be above $66,000 on March 16?",0.508,0.5,0.008,NO_TRADE,,,2026-03-16T06:47:41.238972
0x65314d89bc6a2d7b06bdb9130fe9905bfe17d4f48848f59e9d34df05acfac18e,"Will the price of Bitcoin be above $68,000 on March 16?",0.516,0.5,0.016,NO_TRADE,,,2026-03-16T06:47:45.116091
0x43fdf579e926cbbf2c8315bac0d8995b97dc577f2164c89243921905b7d9b0d4,"Will the price of Bitcoin be above $70,000 on March 16?",0.516,0.5,0.016,NO_TRADE,,,2026-03-16T06:47:48.207712
0x62acb3a183e690a52221e54f51333eca47141a5fe046f4232d6826ec2832f7d5,Bitcoin Up or Down on March 16?,0.508,0.5,0.008,NO_TRADE,,,2026-03-16T06:47:50.795338
0xdf2152b30a80e37241936490bfbefcf32a6c045132015b01b1d292007e1de3e8,LoL: Bilibili Gaming vs BNK FEARX (BO5) - First Stand Group A,0.5,0.5,0.0,NO_TRADE,,,2026-03-16T06:47:53.532352
0x54fde4b1f3769a13968a6f4fa9b3c90e1d2515b791daa465c59f8979502aea1a,Spurs vs. Clippers,0.508,0.5,0.008,NO_TRADE,,,2026-03-16T06:47:55.940575
0x9b64a31d42f142e399ea9db91f53cb491993e5aad3a141fc70061d1384be5a4d,"Will Elon Musk post 220-239 tweets from March 10 to March 17, 2026?",0.516,0.5,0.016,NO_TRADE,,,2026-03-16T06:47:58.377943
0x8bc3267ccfa9d9ad8a21d33b659a92edfc502f03cac743a9799be460fe6f97ad,"Will Elon Musk post 420-439 tweets from March 10 to March 17, 2026?",0.484,0.5,-0.016,NO_TRADE,,,2026-03-16T06:48:01.512021
0x982829838133b87d261b0b646de6c32172c24f738d81a82eec40f75e3f918351,"Will Elon Musk post 240-259 tweets from March 10 to March 17, 2026?",0.484,0.5,-0.016,NO_TRADE,,,2026-03-16T06:48:04.388274
0xd9942cb47ecba9abfdc5cc09aa7062cafc2db7c45b389aafdd8a1c6330f1d7d1,"Will Elon Musk post 440-459 tweets from March 10 to March 17, 2026?",0.484,0.5,-0.016,NO_TRADE,,,2026-03-16T06:48:06.831549
0x25aa90b3cd98305e849189b4e8b770fc77fe89bccb7cf9656468414e01145d38,Will the Fed increase interest rates by 25+ bps after the March 2026 meeting?,0.46,0.5,-0.04,NO_TRADE,,,2026-03-16T06:48:09.667910
0x257b18205f908aef01ef2d1d50e6fea7d29cf5486fe04031d8b101394476faed,Will there be no change in Fed interest rates after the March 2026 meeting?,0.516,0.5,0.016,NO_TRADE,,,2026-03-16T06:48:12.372375
0xd6c49a94948e365aa74c09eef54d907b7ca534b243c387c375305d5cdd1afef3,Will the Fed decrease interest rates by 25 bps after the March 2026 meeting?,0.46,0.5,-0.04,NO_TRADE,,,2026-03-16T06:48:15.419582
0xdeb615a52cd114e5aa27d8344ae506a72bea81f6ed13f5915f050b615a193c20,Will the Fed decrease interest rates by 50+ bps after the March 2026 meeting?,0.484,0.5,-0.016,NO_TRADE,,,2026-03-16T06:48:18.128383
0x61ce3773237a948584e422de72265f937034af418a8b703e3a860ea62e59ff36,Will the Iranian regime fall by March 31?,0.132,0.5,0.368,BUY_NO,,,2026-03-16T06:48:20.495230
0xe477e9e13e1095cba3f2ade9a7d1735b8b4b3454a6b908d1f2c666a282ded0e9,Will The Left (Levica) win the most seats in the 2026 Slovenian parliamentary election?,0.22,0.5,0.28,BUY_NO,,,2026-03-16T06:48:23.004029
0x4480bae80086177216d36b8935a96e5347a055bb4bbacd0c2ff8d18e9b5072c3,Will Vesna – Green Party (Vesna) win the most seats in the 2026 Slovenian parliamentary election?,0.22,0.5,0.28,BUY_NO,,,2026-03-16T06:48:25.461403
0xfc9ee9c25abd5b966088767214c22dcf3ad1c72548e9a1dbef9d4328c170e5b5,Trump out as President by March 31?,0.116,0.5,0.384,BUY_NO,,,2026-03-16T06:48:27.838003
0x2701e5a5b751418c5c5bf0faaafdea60ac9fc893eb75fd88e902cd97458d375b,"Will China invade Taiwan by March 31, 2026?",0.164,0.5,0.336,BUY_NO,,,2026-03-16T06:48:30.418453
0xc5300759dc2089042380795fe7384010a6b6ebdf9e6da7ed3f786d9a5f61c563,Will Crude Oil (CL) hit (HIGH) $100 by end of March?,0.516,0.5,0.016,NO_TRADE,,,2026-03-16T06:48:35.692525
0x09e8f0db05570a5048fdccdae58a52c608aa6cf640ced2190dcbeb52ce52f491,Will Crude Oil (CL) hit (HIGH) $200 by end of March?,0.164,0.5,0.336,BUY_NO,,,2026-03-16T06:48:38.401857
0x24fb7c2d95c93a68018e6c4a90d88043bb67d32fd1454924cef8ebdd550228f3,Will Israel launch a major ground offensive in Lebanon by March 31?,0.596,0.5,0.096,BUY_YES,,,2026-03-16T06:48:41.676226
0x92d2f5f693619c0154d55538a84a3943e787a8ca67907a8e7e5064b0048c83a7,Will Crude Oil (CL) hit (HIGH) $150 by end of March?,0.22,0.5,0.28,BUY_NO,,,2026-03-16T06:48:45.161401
0xcab77c44e435400dba6d3ab41eaef2a504bebd7e2d080ec18d14cf45ddf41784,US escorts commercial ship through Hormuz by March 31?,0.54,0.5,0.04,NO_TRADE,,,2026-03-16T06:48:48.058901
0x4befb52f7cd2b606c63731ad74e677325ff0ed0f48f1104552a34f0f54619ea3,Kharg Island no longer under Iranian control by March 31?,0.22,0.5,0.28,BUY_NO,,,2026-03-16T06:48:50.623963
0x2cbfefb1c7f083b083bbc123b164c05fc13a9baf298063e9570fceb0ff1742a7,Trump announces end of military operations against Iran by March 31st?,0.324,0.5,0.176,BUY_NO,,,2026-03-16T06:48:53.598271
0x561ffbf7de21ef3781c441f30536b026d2b301d7a4a0145a8f526f98db049ba2,"Will Bitcoin reach $150,000 in March?",0.356,0.5,0.144,BUY_NO,,,2026-03-16T06:48:56.685472
0xee4feb22e065060b9af73c53887c83bbbfc5246d98ec38e190bf127fadcf456c,"Will Bitcoin reach $90,000 in March?",0.516,0.5,0.016,NO_TRADE,,,2026-03-16T06:49:00.575039
0x6fa760c8e9cedcf067975d5fc82f2f2f71d506dbf8793eb062bf8f0b6dd57e98,LoL: Bilibili Gaming vs BNK FEARX - Game 1 Winner,0.516,0.5,0.016,NO_TRADE,,,2026-03-16T14:30:50.111281
0x4fcbcfbe01c4e2d7cc2c5526c66b0fa7052384b643b55601d9357b9da06512d7,LoL: Bilibili Gaming vs BNK FEARX - Game 2 Winner,0.5,0.5,0.0,NO_TRADE,,,2026-03-16T14:30:53.605527
0xdf2152b30a80e37241936490bfbefcf32a6c045132015b01b1d292007e1de3e8,LoL: Bilibili Gaming vs BNK FEARX (BO5) - First Stand Group A,0.5,0.5,0.0,NO_TRADE,,,2026-03-16T14:30:56.186965
0x6b0201877d9ba8505e0d30ebf3c4ed038471249529f8903967b02d12f0294509,Bruins vs. Devils,0.516,0.5,0.016,NO_TRADE,,,2026-03-16T14:31:01.165287
0xc150a65445719e24b72572fc5223777c70b8a1dc55629dbc0f6da6d6673399fe,Magic vs. Hawks,0.5,0.5,0.0,NO_TRADE,,,2026-03-16T14:31:04.603686
0xe5b34d479944acc75c2996af41cbd064f0222969ef8080d9d4587705c255a0be,Suns vs. Celtics,0.508,0.5,0.008,NO_TRADE,,,2026-03-16T14:31:07.173924
0x54fde4b1f3769a13968a6f4fa9b3c90e1d2515b791daa465c59f8979502aea1a,Spurs vs. Clippers,0.516,0.5,0.016,NO_TRADE,,,2026-03-16T14:31:09.677835
0x9b64a31d42f142e399ea9db91f53cb491993e5aad3a141fc70061d1384be5a4d,"Will Elon Musk post 220-239 tweets from March 10 to March 17, 2026?",0.484,0.5,-0.016,NO_TRADE,,,2026-03-16T14:31:12.748503
0x982829838133b87d261b0b646de6c32172c24f738d81a82eec40f75e3f918351,"Will Elon Musk post 240-259 tweets from March 10 to March 17, 2026?",0.484,0.5,-0.016,NO_TRADE,,,2026-03-16T14:31:16.418814
0x8bc3267ccfa9d9ad8a21d33b659a92edfc502f03cac743a9799be460fe6f97ad,"Will Elon Musk post 420-439 tweets from March 10 to March 17, 2026?",0.516,0.5,0.016,NO_TRADE,,,2026-03-16T14:31:19.531197
0x35208067b7b6135c25a55094a01e58657ffc50923531631d9b78bcbbac966c5f,"Will Elon Musk post 380-399 tweets from March 10 to March 17, 2026?",0.484,0.5,-0.016,NO_TRADE,,,2026-03-16T14:31:23.188389
0x2b44bf9753f7ceb3808876bf21839840971d83794664b85d3b1e7496ec4db1a7,"Will Elon Musk post 400-419 tweets from March 10 to March 17, 2026?",0.516,0.5,0.016,NO_TRADE,,,2026-03-16T14:31:25.893459
0x1e1c16b26272fc44cca2a24bc036a8d6701e2039995aac09f37f278851972312,Will Paris Saint-Germain FC win on 2026-03-17?,0.5,0.5,0.0,NO_TRADE,,,2026-03-16T14:31:30.121212
0x257b18205f908aef01ef2d1d50e6fea7d29cf5486fe04031d8b101394476faed,Will there be no change in Fed interest rates after the March 2026 meeting?,0.516,0.5,0.016,NO_TRADE,,,2026-03-16T14:31:33.731656
0x25aa90b3cd98305e849189b4e8b770fc77fe89bccb7cf9656468414e01145d38,Will the Fed increase interest rates by 25+ bps after the March 2026 meeting?,0.46,0.5,-0.04,NO_TRADE,,,2026-03-16T14:31:36.732824
0xd6c49a94948e365aa74c09eef54d907b7ca534b243c387c375305d5cdd1afef3,Will the Fed decrease interest rates by 25 bps after the March 2026 meeting?,0.484,0.5,-0.016,NO_TRADE,,,2026-03-16T14:31:39.828839
0xdeb615a52cd114e5aa27d8344ae506a72bea81f6ed13f5915f050b615a193c20,Will the Fed decrease interest rates by 50+ bps after the March 2026 meeting?,0.484,0.5,-0.016,NO_TRADE,,,2026-03-16T14:31:44.353543
0x61ce3773237a948584e422de72265f937034af418a8b703e3a860ea62e59ff36,Will the Iranian regime fall by March 31?,0.14,0.5,0.36,BUY_NO,,,2026-03-16T14:31:47.579607
0xc5300759dc2089042380795fe7384010a6b6ebdf9e6da7ed3f786d9a5f61c563,Will Crude Oil (CL) hit (HIGH) $100 by end of March?,0.516,0.5,0.016,NO_TRADE,,,2026-03-16T14:31:51.693267
0x2f97192e9e52e6bb2270f3935569b0ff64079d3a9cd9a7325a99592a003c82be,Will Our Country (ND) win the most seats in the 2026 Slovenian parliamentary election?,0.484,0.5,-0.016,NO_TRADE,,,2026-03-16T14:31:54.718821
0x2701e5a5b751418c5c5bf0faaafdea60ac9fc893eb75fd88e902cd97458d375b,"Will China invade Taiwan by March 31, 2026?",0.164,0.5,0.336,BUY_NO,,,2026-03-16T14:31:57.599980
0x24fb7c2d95c93a68018e6c4a90d88043bb67d32fd1454924cef8ebdd550228f3,Will Israel launch a major ground offensive in Lebanon by March 31?,0.54,0.5,0.04,NO_TRADE,,,2026-03-16T14:32:00.997272
0x09e8f0db05570a5048fdccdae58a52c608aa6cf640ced2190dcbeb52ce52f491,Will Crude Oil (CL) hit (HIGH) $200 by end of March?,0.164,0.5,0.336,BUY_NO,,,2026-03-16T14:32:04.154933
0x1c0548dceaa9a5f9b86df1980c5810b374ccba841d615d9fb23f7725c244e3e8,Will the Slovenian People’s Party (SLS) win the most seats in the 2026 Slovenian parliamentary election?,0.22,0.5,0.28,BUY_NO,,,2026-03-16T14:32:06.869867
0xcd91f0066c5b13f487f0321e0820cc310c165b04abc45498bbda1308a66bd5d7,Will Mistral have the second-best AI model at the end of March 2026?,0.46,0.5,-0.04,NO_TRADE,,,2026-03-16T14:32:09.519112
0x92d2f5f693619c0154d55538a84a3943e787a8ca67907a8e7e5064b0048c83a7,Will Crude Oil (CL) hit (HIGH) $150 by end of March?,0.22,0.5,0.28,BUY_NO,,,2026-03-16T14:32:12.825232
0xfc9ee9c25abd5b966088767214c22dcf3ad1c72548e9a1dbef9d4328c170e5b5,Trump out as President by March 31?,0.132,0.5,0.368,BUY_NO,,,2026-03-16T14:32:17.848896
0xe477e9e13e1095cba3f2ade9a7d1735b8b4b3454a6b908d1f2c666a282ded0e9,Will The Left (Levica) win the most seats in the 2026 Slovenian parliamentary election?,0.22,0.5,0.28,BUY_NO,,,2026-03-16T14:32:20.686292
0x1d54eb5eac2cee8f595f3097c65da7d07f8ab5dee63d7c0c6883eb70e1e9af30,"Russia x Ukraine ceasefire by March 31, 2026?",0.356,0.5,0.144,BUY_NO,,,2026-03-16T14:32:23.839276
0xda3ac5788e66237bcb590731cd88a9e726a748c09e56da7c3c75d9b1db98a3cb,"Will Mi, socialisti! (Mi!) win the most seats in the 2026 Slovenian parliamentary election?",0.5,0.5,0.0,NO_TRADE,,,2026-03-16T14:32:27.153393
0x982829838133b87d261b0b646de6c32172c24f738d81a82eec40f75e3f918351,"Will Elon Musk post 240-259 tweets from March 10 to March 17, 2026?",0.5,0.5,0.0,NO_TRADE,,,2026-03-17T03:31:00.924531
0x8d46ee9d2a3a6ed0b54e5ac44591e8e69169c87864b4f83a326179aee424ba13,"Will the price of Bitcoin be above $82,000 on March 17?",0.516,0.5,0.016,NO_TRADE,,,2026-03-17T03:31:04.576112
0x5f5a8ab0764f4dfd66ddbfff2606d07b5c9b778e4dc0ae3bc2924a9d2e12b1f7,"Will Elon Musk post 360-379 tweets from March 10 to March 17, 2026?",0.5,0.5,0.0,NO_TRADE,,,2026-03-17T03:31:09.606326
0x20a4a2962f298ff20d07c4027becce65d38edffa23722f2eed8243fa6118f54a,Will Sporting CP win on 2026-03-17?,0.516,0.5,0.016,NO_TRADE,,,2026-03-17T03:31:12.969800
0x66833180c7eb5b23cc5196456c8f34da7438d6a500ba4a9bed7e8b06aa5456bb,LoL: Gen.G vs JD Gaming (BO5) - First Stand Group B,0.516,0.5,0.016,NO_TRADE,,,2026-03-17T03:31:16.086497
0xe263512d005141b9056d1769de04030b6c772afd4fe2243c977369874ed862f0,Will Real Madrid CF win on 2026-03-17?,0.516,0.5,0.016,NO_TRADE,,,2026-03-17T03:31:19.743944
0xd6c49a94948e365aa74c09eef54d907b7ca534b243c387c375305d5cdd1afef3,Will the Fed decrease interest rates by 25 bps after the March 2026 meeting?,0.46,0.5,-0.04,NO_TRADE,,,2026-03-17T03:31:23.198740
0x257b18205f908aef01ef2d1d50e6fea7d29cf5486fe04031d8b101394476faed,Will there be no change in Fed interest rates after the March 2026 meeting?,0.516,0.5,0.016,NO_TRADE,,,2026-03-17T03:31:26.083313
0xdeb615a52cd114e5aa27d8344ae506a72bea81f6ed13f5915f050b615a193c20,Will the Fed decrease interest rates by 50+ bps after the March 2026 meeting?,0.46,0.5,-0.04,NO_TRADE,,,2026-03-17T03:31:31.288615
0x25aa90b3cd98305e849189b4e8b770fc77fe89bccb7cf9656468414e01145d38,Will the Fed increase interest rates by 25+ bps after the March 2026 meeting?,0.46,0.5,-0.04,NO_TRADE,,,2026-03-17T03:31:34.896959
0x4470a14c36f54e9f474d10a82c8263d4ff697cd6a9ae5e7119cdb59e7a781b03,Panthers vs. Canucks,0.5,0.5,0.0,NO_TRADE,,,2026-03-17T03:31:39.267211
0x3181f4e1705ecb95780fc5b2acd52db926312afcb8be1309bd9e798ed0ec31f6,Final Stage: Italy vs. Venezuela,0.5,0.5,0.0,NO_TRADE,,,2026-03-17T03:31:42.556104
0x61ce3773237a948584e422de72265f937034af418a8b703e3a860ea62e59ff36,Will the Iranian regime fall by March 31?,0.14,0.5,0.36,BUY_NO,,,2026-03-17T03:31:45.347471
0xc5300759dc2089042380795fe7384010a6b6ebdf9e6da7ed3f786d9a5f61c563,Will Crude Oil (CL) hit (HIGH) $100 by end of March?,0.356,0.5,0.144,BUY_NO,,,2026-03-17T03:31:48.246032
0x2f97192e9e52e6bb2270f3935569b0ff64079d3a9cd9a7325a99592a003c82be,Will Our Country (ND) win the most seats in the 2026 Slovenian parliamentary election?,0.5,0.5,0.0,NO_TRADE,,,2026-03-17T03:31:51.364964
0x24fb7c2d95c93a68018e6c4a90d88043bb67d32fd1454924cef8ebdd550228f3,Will Israel launch a major ground offensive in Lebanon by March 31?,0.564,0.5,0.064,BUY_YES,,,2026-03-17T03:31:54.439095
0x09e8f0db05570a5048fdccdae58a52c608aa6cf640ced2190dcbeb52ce52f491,Will Crude Oil (CL) hit (HIGH) $200 by end of March?,0.164,0.5,0.336,BUY_NO,,,2026-03-17T03:31:57.702697
0x2701e5a5b751418c5c5bf0faaafdea60ac9fc893eb75fd88e902cd97458d375b,"Will China invade Taiwan by March 31, 2026?",0.164,0.5,0.336,BUY_NO,,,2026-03-17T03:32:00.618577
0x1d54eb5eac2cee8f595f3097c65da7d07f8ab5dee63d7c0c6883eb70e1e9af30,"Russia x Ukraine ceasefire by March 31, 2026?",0.436,0.5,0.064,BUY_NO,,,2026-03-17T03:32:03.979906
0x1c0548dceaa9a5f9b86df1980c5810b374ccba841d615d9fb23f7725c244e3e8,Will the Slovenian People’s Party (SLS) win the most seats in the 2026 Slovenian parliamentary election?,0.22,0.5,0.28,BUY_NO,,,2026-03-17T03:32:07.317813
0x92d2f5f693619c0154d55538a84a3943e787a8ca67907a8e7e5064b0048c83a7,Will Crude Oil (CL) hit (HIGH) $150 by end of March?,0.22,0.5,0.28,BUY_NO,,,2026-03-17T03:32:10.454956
0xcd91f0066c5b13f487f0321e0820cc310c165b04abc45498bbda1308a66bd5d7,Will Mistral have the second-best AI model at the end of March 2026?,0.484,0.5,-0.016,NO_TRADE,,,2026-03-17T03:32:14.146405
0xe477e9e13e1095cba3f2ade9a7d1735b8b4b3454a6b908d1f2c666a282ded0e9,Will The Left (Levica) win the most seats in the 2026 Slovenian parliamentary election?,0.22,0.5,0.28,BUY_NO,,,2026-03-17T03:32:16.972958
0x4befb52f7cd2b606c63731ad74e677325ff0ed0f48f1104552a34f0f54619ea3,Kharg Island no longer under Iranian control by March 31?,0.22,0.5,0.28,BUY_NO,,,2026-03-17T03:32:19.962689
0x561ffbf7de21ef3781c441f30536b026d2b301d7a4a0145a8f526f98db049ba2,"Will Bitcoin reach $150,000 in March?",0.516,0.5,0.016,NO_TRADE,,,2026-03-17T03:32:22.808914
0x36912c9832f0fd104d734b579fb9b3a1b31bbdc946a67356723407e3bdc96dbc,"Will Bitcoin dip to $65,000 in March?",0.516,0.5,0.016,NO_TRADE,,,2026-03-17T03:32:26.136564
0xee4feb22e065060b9af73c53887c83bbbfc5246d98ec38e190bf127fadcf456c,"Will Bitcoin reach $90,000 in March?",0.516,0.5,0.016,NO_TRADE,,,2026-03-17T03:32:32.448488
0x337e5c84b83679d5557acafcf78b5c5d4d932b9fcd7dfba7966249d64f0f0a0f,"Will Bitcoin reach $80,000 in March?",0.516,0.5,0.016,NO_TRADE,,,2026-03-17T03:32:35.526977
0xde3ff5943bed80dc8c2c927288082bd598bd098e4d15044998c2d7ea64f98691,Will Siena win the 2026 NCAA Tournament?,0.164,0.5,0.336,BUY_NO,,,2026-03-17T03:32:38.306324
0x13496fa2338f07e366c573f3e274ba4966fdffcb8dd76d5aea98d35ac36ae783,Will LMP – Hungary’s Green Party (LMP) win the most seats in the next Hungarian parliamentary election?,0.164,0.5,0.336,BUY_NO,,,2026-03-17T03:32:43.766461
0x982829838133b87d261b0b646de6c32172c24f738d81a82eec40f75e3f918351,"Will Elon Musk post 240-259 tweets from March 10 to March 17, 2026?",0.484,0.5,-0.016,NO_TRADE,,,2026-03-17T08:30:55.519939
0x8d46ee9d2a3a6ed0b54e5ac44591e8e69169c87864b4f83a326179aee424ba13,"Will the price of Bitcoin be above $82,000 on March 17?",0.516,0.5,0.016,NO_TRADE,,,2026-03-17T08:30:59.249800
0x4d876fd615adc2ad0240c1cfdc4722fdd742b6277b2e172ce9d4ca1a9ee30784,"Will Elon Musk post 340-359 tweets from March 10 to March 17, 2026?",0.484,0.5,-0.016,NO_TRADE,,,2026-03-17T08:31:02.788943
0x3b09ac16b3fbd686419733e74ff549a4f4c0b59e6db73c5ad2791f55d23e7b2a,"Will Elon Musk post 300-319 tweets from March 10 to March 17, 2026?",0.484,0.5,-0.016,NO_TRADE,,,2026-03-17T08:31:06.981648
0x5f5a8ab0764f4dfd66ddbfff2606d07b5c9b778e4dc0ae3bc2924a9d2e12b1f7,"Will Elon Musk post 360-379 tweets from March 10 to March 17, 2026?",0.484,0.5,-0.016,NO_TRADE,,,2026-03-17T08:31:11.875660
0xa8467c034b599376bb5afc7a26f4d5e813b78a629f6164d39dcc0c1accc8395c,"Will Elon Musk post 320-339 tweets from March 10 to March 17, 2026?",0.516,0.5,0.016,NO_TRADE,,,2026-03-17T08:31:15.393386
0xa6ff29dd9e0afd81b23a69680f43f6d6e426d2af7a4b596fb95f76c21ff910cd,"Will the price of Bitcoin be above $68,000 on March 17?",0.516,0.5,0.016,NO_TRADE,,,2026-03-17T08:31:18.431035
0xa41ffb5573c17a66a4e829084cb87f4df00eb41500dbdae08d6a4ad5be0f1fdc,"Will Elon Musk post 280-299 tweets from March 10 to March 17, 2026?",0.484,0.5,-0.016,NO_TRADE,,,2026-03-17T08:31:22.499774
0xfa799ade42e7020bf5338bdcb02074a6fd3018d784980fde0fe192dfcc67f340,"Will Elon Musk post 260-279 tweets from March 10 to March 17, 2026?",0.5,0.5,0.0,NO_TRADE,,,2026-03-17T08:31:25.981484
0x20a4a2962f298ff20d07c4027becce65d38edffa23722f2eed8243fa6118f54a,Will Sporting CP win on 2026-03-17?,0.516,0.5,0.016,NO_TRADE,,,2026-03-17T08:31:30.188646
0x76057f1ce7f3cc1bca92f6bcfd5752fd205d2431540255a1c9685941c4c3c2f0,Will FK Bodø/Glimt win on 2026-03-17?,0.5,0.5,0.0,NO_TRADE,,,2026-03-17T08:31:33.091095
0x66833180c7eb5b23cc5196456c8f34da7438d6a500ba4a9bed7e8b06aa5456bb,LoL: Gen.G vs JD Gaming (BO5) - First Stand Group B,0.516,0.5,0.016,NO_TRADE,,,2026-03-17T08:31:35.890685
0xe263512d005141b9056d1769de04030b6c772afd4fe2243c977369874ed862f0,Will Real Madrid CF win on 2026-03-17?,0.516,0.5,0.016,NO_TRADE,,,2026-03-17T08:31:38.835863
0x1e1c16b26272fc44cca2a24bc036a8d6701e2039995aac09f37f278851972312,Will Paris Saint-Germain FC win on 2026-03-17?,0.516,0.5,0.016,NO_TRADE,,,2026-03-17T08:31:43.413966
0x02a64b7c7ddb3f8fa184e42f4f00e005bf28c183c756fe2712b15ea033cf275b,Will Manchester City FC win on 2026-03-17?,0.516,0.5,0.016,NO_TRADE,,,2026-03-17T08:31:47.112501
0x68683aab723733cdc03f1bf6a1b9758baad063800bd57a18cbcd29e0bf863950,Spread: Manchester City FC (-1.5),0.516,0.5,0.016,NO_TRADE,,,2026-03-17T08:31:50.783987
0xe40c6a429fe7a00bc682e6400bddd68e1a4455f0af681114d0fa557fbcc7efd1,Heat vs. Hornets,0.5,0.5,0.0,NO_TRADE,,,2026-03-17T08:31:53.566426
0x0352aa6f941a2a5db4be36aaa24425b76eee481c77e03c68d5592f93c55705e7,Pistons vs. Wizards,0.5,0.5,0.0,NO_TRADE,,,2026-03-17T08:31:59.612958
0xd6c49a94948e365aa74c09eef54d907b7ca534b243c387c375305d5cdd1afef3,Will the Fed decrease interest rates by 25 bps after the March 2026 meeting?,0.516,0.5,0.016,NO_TRADE,,,2026-03-17T08:32:03.107250
0xdeb615a52cd114e5aa27d8344ae506a72bea81f6ed13f5915f050b615a193c20,Will the Fed decrease interest rates by 50+ bps after the March 2026 meeting?,0.484,0.5,-0.016,NO_TRADE,,,2026-03-17T08:32:06.578101
0x257b18205f908aef01ef2d1d50e6fea7d29cf5486fe04031d8b101394476faed,Will there be no change in Fed interest rates after the March 2026 meeting?,0.516,0.5,0.016,NO_TRADE,,,2026-03-17T08:32:09.614220
0x25aa90b3cd98305e849189b4e8b770fc77fe89bccb7cf9656468414e01145d38,Will the Fed increase interest rates by 25+ bps after the March 2026 meeting?,0.46,0.5,-0.04,NO_TRADE,,,2026-03-17T08:32:12.411842
0x4470a14c36f54e9f474d10a82c8263d4ff697cd6a9ae5e7119cdb59e7a781b03,Panthers vs. Canucks,0.5,0.5,0.0,NO_TRADE,,,2026-03-17T08:32:15.252945
0xad33b1899ca6e12701e9b4ef9b790236284ee8fad991326ff0bb6481b5b203ed,Murcia: Pablo Llamas Ruiz vs Javier Barranco Cosano,0.5,0.5,0.0,NO_TRADE,,,2026-03-17T08:32:18.569539
0xe4d4f1939a6ce08c4264d424660006e23647c92ff8b2de542cfe9129be60cf2e,T20 Series New Zealand vs South Africa: New Zealand vs South Africa,0.516,0.5,0.016,NO_TRADE,,,2026-03-17T08:32:21.963841
0x61ce3773237a948584e422de72265f937034af418a8b703e3a860ea62e59ff36,Will the Iranian regime fall by March 31?,0.148,0.5,0.352,BUY_NO,,,2026-03-17T08:32:33.046160
0xc5300759dc2089042380795fe7384010a6b6ebdf9e6da7ed3f786d9a5f61c563,Will Crude Oil (CL) hit (HIGH) $100 by end of March?,0.38,0.5,0.12,BUY_NO,,,2026-03-17T08:32:36.754308
0x2f97192e9e52e6bb2270f3935569b0ff64079d3a9cd9a7325a99592a003c82be,Will Our Country (ND) win the most seats in the 2026 Slovenian parliamentary election?,0.5,0.5,0.0,NO_TRADE,,,2026-03-17T08:32:41.941842
0x1d54eb5eac2cee8f595f3097c65da7d07f8ab5dee63d7c0c6883eb70e1e9af30,"Russia x Ukraine ceasefire by March 31, 2026?",0.436,0.5,0.064,BUY_NO,,,2026-03-17T08:32:44.987917
0x09e8f0db05570a5048fdccdae58a52c608aa6cf640ced2190dcbeb52ce52f491,Will Crude Oil (CL) hit (HIGH) $200 by end of March?,0.164,0.5,0.336,BUY_NO,,,2026-03-17T08:32:47.875852
0xe2946ab6ae64bf2193e0626717bec9d229a5c3fd3c1a513cce6335c4a52773b1,LoL: Gen.G vs JD Gaming - Game 2 Winner,0.5,0.5,0.0,NO_TRADE,,,2026-03-17T14:31:00.554171
0x2d90b147ea7366caf034fa48ceb5ec433a0709a806614d42b14e1c915e93ee61,LoL: Gen.G vs JD Gaming - Game 1 Winner,0.5,0.5,0.0,NO_TRADE,,,2026-03-17T14:31:04.758895
0x20a4a2962f298ff20d07c4027becce65d38edffa23722f2eed8243fa6118f54a,Will Sporting CP win on 2026-03-17?,0.516,0.5,0.016,NO_TRADE,,,2026-03-17T14:31:09.802901
0x76057f1ce7f3cc1bca92f6bcfd5752fd205d2431540255a1c9685941c4c3c2f0,Will FK Bodø/Glimt win on 2026-03-17?,0.516,0.5,0.016,NO_TRADE,,,2026-03-17T14:31:12.961769
0xb3db06167b3fe6cd897168ec921d85f17b17a15c653c7916efc97a81aec09c9c,Spread: Sporting CP (-1.5),0.508,0.5,0.008,NO_TRADE,,,2026-03-17T14:31:16.224575
0x66833180c7eb5b23cc5196456c8f34da7438d6a500ba4a9bed7e8b06aa5456bb,LoL: Gen.G vs JD Gaming (BO5) - First Stand Group B,0.5,0.5,0.0,NO_TRADE,,,2026-03-17T14:31:19.544417
0x049f103f686beb7254a6ee07bc9c75c8611dcbfeb40e6006123fbea9cd4dd3a5,Game Handicap: GEN (-2.5) vs JD Gaming (+2.5),0.5,0.5,0.0,NO_TRADE,,,2026-03-17T14:31:22.279391
0xe263512d005141b9056d1769de04030b6c772afd4fe2243c977369874ed862f0,Will Real Madrid CF win on 2026-03-17?,0.516,0.5,0.016,NO_TRADE,,,2026-03-17T14:31:25.492924
0x02a64b7c7ddb3f8fa184e42f4f00e005bf28c183c756fe2712b15ea033cf275b,Will Manchester City FC win on 2026-03-17?,0.516,0.5,0.016,NO_TRADE,,,2026-03-17T14:31:28.627818
0x68683aab723733cdc03f1bf6a1b9758baad063800bd57a18cbcd29e0bf863950,Spread: Manchester City FC (-1.5),0.516,0.5,0.016,NO_TRADE,,,2026-03-17T14:31:32.421672
0xe40c6a429fe7a00bc682e6400bddd68e1a4455f0af681114d0fa557fbcc7efd1,Heat vs. Hornets,0.5,0.5,0.0,NO_TRADE,,,2026-03-17T14:31:35.745008
0x0352aa6f941a2a5db4be36aaa24425b76eee481c77e03c68d5592f93c55705e7,Pistons vs. Wizards,0.516,0.5,0.016,NO_TRADE,,,2026-03-17T14:31:39.067971
0xb332ab0f289b2b6628569a20d13b1de4ba8e18e8d02b0a442079e7f9c2fa2a6b,Pacers vs. Knicks,0.516,0.5,0.016,NO_TRADE,,,2026-03-17T14:31:41.816012
0xd6c49a94948e365aa74c09eef54d907b7ca534b243c387c375305d5cdd1afef3,Will the Fed decrease interest rates by 25 bps after the March 2026 meeting?,0.516,0.5,0.016,NO_TRADE,,,2026-03-17T14:31:45.260688
0xdeb615a52cd114e5aa27d8344ae506a72bea81f6ed13f5915f050b615a193c20,Will the Fed decrease interest rates by 50+ bps after the March 2026 meeting?,0.46,0.5,-0.04,NO_TRADE,,,2026-03-17T14:31:51.431901
0x257b18205f908aef01ef2d1d50e6fea7d29cf5486fe04031d8b101394476faed,Will there be no change in Fed interest rates after the March 2026 meeting?,0.516,0.5,0.016,NO_TRADE,,,2026-03-17T14:31:55.170741
0x25aa90b3cd98305e849189b4e8b770fc77fe89bccb7cf9656468414e01145d38,Will the Fed increase interest rates by 25+ bps after the March 2026 meeting?,0.46,0.5,-0.04,NO_TRADE,,,2026-03-17T14:31:58.528484
0xeee40ed2937bc056e85662b06fd3cbcf5345a8da8c9edd0d7cd2a3492cbcdc81,Suns vs. Timberwolves,0.516,0.5,0.016,NO_TRADE,,,2026-03-17T14:32:05.593513
0x4470a14c36f54e9f474d10a82c8263d4ff697cd6a9ae5e7119cdb59e7a781b03,Panthers vs. Canucks,0.5,0.5,0.0,NO_TRADE,,,2026-03-17T14:32:08.913640
0xad33b1899ca6e12701e9b4ef9b790236284ee8fad991326ff0bb6481b5b203ed,Murcia: Pablo Llamas Ruiz vs Javier Barranco Cosano,0.5,0.5,0.0,NO_TRADE,,,2026-03-17T14:32:14.976646
0x65b921abfe644e9c39e03ac4d9d94db5dc44221fd24f95cbbf90131fe5aa6b2d,Zadar: Laurent Lokoli vs Matej Dodig,0.5,0.5,0.0,NO_TRADE,,,2026-03-17T14:32:18.469616
0x61ce3773237a948584e422de72265f937034af418a8b703e3a860ea62e59ff36,Will the Iranian regime fall by March 31?,0.14,0.5,0.36,BUY_NO,,,2026-03-17T14:32:24.172453
0x09e8f0db05570a5048fdccdae58a52c608aa6cf640ced2190dcbeb52ce52f491,Will Crude Oil (CL) hit (HIGH) $200 by end of March?,0.164,0.5,0.336,BUY_NO,,,2026-03-17T14:32:28.394543
0x1d54eb5eac2cee8f595f3097c65da7d07f8ab5dee63d7c0c6883eb70e1e9af30,"Russia x Ukraine ceasefire by March 31, 2026?",0.5,0.5,0.0,NO_TRADE,,,2026-03-17T15:57:32.168359
0xc5300759dc2089042380795fe7384010a6b6ebdf9e6da7ed3f786d9a5f61c563,Will Crude Oil (CL) hit (HIGH) $100 by end of March?,0.5,0.5,0.0,NO_TRADE,,,2026-03-17T15:57:32.192499
0x2701e5a5b751418c5c5bf0faaafdea60ac9fc893eb75fd88e902cd97458d375b,"Will China invade Taiwan by March 31, 2026?",0.5,0.5,0.0,NO_TRADE,,,2026-03-17T15:57:32.207528
0x24fb7c2d95c93a68018e6c4a90d88043bb67d32fd1454924cef8ebdd550228f3,Will Israel launch a major ground offensive in Lebanon by March 31?,0.5,0.5,0.0,NO_TRADE,,,2026-03-17T15:57:32.221027
0x92d2f5f693619c0154d55538a84a3943e787a8ca67907a8e7e5064b0048c83a7,Will Crude Oil (CL) hit (HIGH) $150 by end of March?,0.5,0.5,0.0,NO_TRADE,,,2026-03-17T15:57:32.231920
0xfc9ee9c25abd5b966088767214c22dcf3ad1c72548e9a1dbef9d4328c170e5b5,Trump out as President by March 31?,0.5,0.5,0.0,NO_TRADE,,,2026-03-17T15:57:32.242614
0x4befb52f7cd2b606c63731ad74e677325ff0ed0f48f1104552a34f0f54619ea3,Kharg Island no longer under Iranian control by March 31?,0.5,0.5,0.0,NO_TRADE,,,2026-03-17T15:57:32.254847
0xad40f0bc54940f276856b407962561943906e074e68b6d5cf709412d879af6fd,LoL: LYON vs LOUD - Game 2 Winner,0.5,0.5,0.0,NO_TRADE,,,2026-03-17T19:04:06.215312
0x1c5fe03ee57ea438f339cbce19aaaefe264343a950a3e00793392c1a8a6d8e13,LoL: LYON vs LOUD (BO5) - First Stand Group B,0.5,0.5,0.0,NO_TRADE,,,2026-03-17T19:04:09.066861
0xcec8e9a37765ba3813a3b520c3c3bcdd977d0e26a304862fea9a003e537d64d7,LoL: LYON vs LOUD - Game 3 Winner,0.5,0.5,0.0,NO_TRADE,,,2026-03-17T19:04:11.979581
0xea76e0fac30905dc62ea40198b5ef8d9c1c648432eb347a8fb118548766ecb68,LoL: LYON vs LOUD - Game 4 Winner,0.5,0.5,0.0,NO_TRADE,,,2026-03-17T19:04:14.616656
0xe40c6a429fe7a00bc682e6400bddd68e1a4455f0af681114d0fa557fbcc7efd1,Heat vs. Hornets,0.5,0.5,0.0,NO_TRADE,,,2026-03-17T19:04:17.627889
0x0352aa6f941a2a5db4be36aaa24425b76eee481c77e03c68d5592f93c55705e7,Pistons vs. Wizards,0.516,0.5,0.016,NO_TRADE,,,2026-03-17T19:04:20.605230
0xd32071f92e75773a99350462e50c5940f79995e3b51566b9699e04e994ba9215,Thunder vs. Magic,0.516,0.5,0.016,NO_TRADE,,,2026-03-17T19:04:23.600594
0xc1ff545fc923fadc12fa8b24f33daa633f9d65a93e8e711ddcd2fec9263d2ef5,Pistons vs. Wizards: O/U 233.5,0.508,0.5,0.008,NO_TRADE,,,2026-03-17T19:04:26.512743
0xb332ab0f289b2b6628569a20d13b1de4ba8e18e8d02b0a442079e7f9c2fa2a6b,Pacers vs. Knicks,0.508,0.5,0.008,NO_TRADE,,,2026-03-17T19:04:29.465805
0xfee5282d38a13aeda43f478bef5e16c4a9929c60f02a243f5c90974d61522f6c,Wild vs. Blackhawks,0.5,0.5,0.0,NO_TRADE,,,2026-03-17T19:04:32.805185
0xd6c49a94948e365aa74c09eef54d907b7ca534b243c387c375305d5cdd1afef3,Will the Fed decrease interest rates by 25 bps after the March 2026 meeting?,0.484,0.5,-0.016,NO_TRADE,,,2026-03-17T19:04:39.394780
0xdeb615a52cd114e5aa27d8344ae506a72bea81f6ed13f5915f050b615a193c20,Will the Fed decrease interest rates by 50+ bps after the March 2026 meeting?,0.46,0.5,-0.04,NO_TRADE,,,2026-03-17T19:04:45.160171
0x257b18205f908aef01ef2d1d50e6fea7d29cf5486fe04031d8b101394476faed,Will there be no change in Fed interest rates after the March 2026 meeting?,0.516,0.5,0.016,NO_TRADE,,,2026-03-17T19:04:48.599902
0x25aa90b3cd98305e849189b4e8b770fc77fe89bccb7cf9656468414e01145d38,Will the Fed increase interest rates by 25+ bps after the March 2026 meeting?,0.46,0.5,-0.04,NO_TRADE,,,2026-03-17T19:04:51.460740
0xeee40ed2937bc056e85662b06fd3cbcf5345a8da8c9edd0d7cd2a3492cbcdc81,Suns vs. Timberwolves,0.5,0.5,0.0,NO_TRADE,,,2026-03-17T19:04:54.251230
0x9b453364328fb469e56f10e43f8499e19acad421b9246d60faa58d74c208e184,Predators vs. Jets,0.5,0.5,0.0,NO_TRADE,,,2026-03-17T19:04:57.128113
0xf008b9d8d097532cb2db2c9779aa8531c1537017fa4cb8677b20ecbc7b6c0829,Sharks vs. Oilers,0.508,0.5,0.008,NO_TRADE,,,2026-03-17T19:05:00.048308
0x4470a14c36f54e9f474d10a82c8263d4ff697cd6a9ae5e7119cdb59e7a781b03,Panthers vs. Canucks,0.516,0.5,0.016,NO_TRADE,,,2026-03-17T19:05:02.884048
0x83a1f52eb3afde1aafef9fcc3978d3dbcf2955c583284fd93f99f263245f1705,Sabres vs. Golden Knights,0.5,0.5,0.0,NO_TRADE,,,2026-03-17T19:05:07.346231
0x792ac3aa4715949fc6cb7eedcba13f6457c6697a2106c59593b98acd5005a233,SMU Mustangs vs. Miami (OH) RedHawks: O/U 164.5,0.5,0.5,0.0,NO_TRADE,,,2026-03-17T19:05:10.984672
0xd09734f032e4c4408b89d63e60160e27d403fc3118c5c2770e0861e1aac9ac82,"Will Elon Musk post 160-179 tweets from March 13 to March 20, 2026?",0.484,0.5,-0.016,NO_TRADE,,,2026-03-17T19:05:14.624468
0xa27c4f25cae4af4ddaba19d2abe519032fdfbd424dd785e68b74c00ff3631b41,"Miami Open, Qualification: Yannick Hanfmann vs Luca Van Assche",0.508,0.5,0.008,NO_TRADE,,,2026-03-17T19:05:17.241207
0x61ce3773237a948584e422de72265f937034af418a8b703e3a860ea62e59ff36,Will the Iranian regime fall by March 31?,0.164,0.5,0.336,BUY_NO,,,2026-03-17T19:05:20.048482
0x09e8f0db05570a5048fdccdae58a52c608aa6cf640ced2190dcbeb52ce52f491,Will Crude Oil (CL) hit (HIGH) $200 by end of March?,0.164,0.5,0.336,BUY_NO,,,2026-03-17T19:05:23.553990
0xc5300759dc2089042380795fe7384010a6b6ebdf9e6da7ed3f786d9a5f61c563,Will Crude Oil (CL) hit (HIGH) $100 by end of March?,0.484,0.5,-0.016,NO_TRADE,,,2026-03-17T19:05:30.813903
0x1d54eb5eac2cee8f595f3097c65da7d07f8ab5dee63d7c0c6883eb70e1e9af30,"Russia x Ukraine ceasefire by March 31, 2026?",0.436,0.5,0.064,BUY_NO,,,2026-03-17T19:05:34.170341
0x2701e5a5b751418c5c5bf0faaafdea60ac9fc893eb75fd88e902cd97458d375b,"Will China invade Taiwan by March 31, 2026?",0.164,0.5,0.336,BUY_NO,,,2026-03-17T19:05:36.968972
0x561ffbf7de21ef3781c441f30536b026d2b301d7a4a0145a8f526f98db049ba2,"Will Bitcoin reach $150,000 in March?",0.436,0.5,0.064,BUY_NO,,,2026-03-17T19:05:39.717195
0xee4feb22e065060b9af73c53887c83bbbfc5246d98ec38e190bf127fadcf456c,"Will Bitcoin reach $90,000 in March?",0.516,0.5,0.016,NO_TRADE,,,2026-03-17T19:05:49.081811
0x36912c9832f0fd104d734b579fb9b3a1b31bbdc946a67356723407e3bdc96dbc,"Will Bitcoin dip to $65,000 in March?",0.54,0.5,0.04,NO_TRADE,,,2026-03-17T19:05:51.707875
0xe40c6a429fe7a00bc682e6400bddd68e1a4455f0af681114d0fa557fbcc7efd1,Heat vs. Hornets,0.5,0.5,0.0,NO_TRADE,,,2026-03-17T19:14:33.433798
0x0352aa6f941a2a5db4be36aaa24425b76eee481c77e03c68d5592f93c55705e7,Pistons vs. Wizards,0.516,0.5,0.016,NO_TRADE,,,2026-03-17T19:14:37.487914
0xd32071f92e75773a99350462e50c5940f79995e3b51566b9699e04e994ba9215,Thunder vs. Magic,0.516,0.5,0.016,NO_TRADE,,,2026-03-17T19:14:40.669589
0xc1ff545fc923fadc12fa8b24f33daa633f9d65a93e8e711ddcd2fec9263d2ef5,Pistons vs. Wizards: O/U 233.5,0.508,0.5,0.008,NO_TRADE,,,2026-03-17T19:14:44.254172
0xb332ab0f289b2b6628569a20d13b1de4ba8e18e8d02b0a442079e7f9c2fa2a6b,Pacers vs. Knicks,0.5,0.5,0.0,NO_TRADE,,,2026-03-17T19:14:48.750527
0xfee5282d38a13aeda43f478bef5e16c4a9929c60f02a243f5c90974d61522f6c,Wild vs. Blackhawks,0.5,0.5,0.0,NO_TRADE,,,2026-03-17T19:14:51.618050
0xd6c49a94948e365aa74c09eef54d907b7ca534b243c387c375305d5cdd1afef3,Will the Fed decrease interest rates by 25 bps after the March 2026 meeting?,0.46,0.5,-0.04,NO_TRADE,,,2026-03-17T19:14:54.095363
0xdeb615a52cd114e5aa27d8344ae506a72bea81f6ed13f5915f050b615a193c20,Will the Fed decrease interest rates by 50+ bps after the March 2026 meeting?,0.484,0.5,-0.016,NO_TRADE,,,2026-03-17T19:14:57.706768
0x257b18205f908aef01ef2d1d50e6fea7d29cf5486fe04031d8b101394476faed,Will there be no change in Fed interest rates after the March 2026 meeting?,0.516,0.5,0.016,NO_TRADE,,,2026-03-17T19:15:00.059981
0x25aa90b3cd98305e849189b4e8b770fc77fe89bccb7cf9656468414e01145d38,Will the Fed increase interest rates by 25+ bps after the March 2026 meeting?,0.46,0.5,-0.04,NO_TRADE,,,2026-03-17T19:15:03.104288
0xeee40ed2937bc056e85662b06fd3cbcf5345a8da8c9edd0d7cd2a3492cbcdc81,Suns vs. Timberwolves,0.5,0.5,0.0,NO_TRADE,,,2026-03-17T19:15:06.042971
0x9b453364328fb469e56f10e43f8499e19acad421b9246d60faa58d74c208e184,Predators vs. Jets,0.5,0.5,0.0,NO_TRADE,,,2026-03-17T19:15:09.994628
0xf008b9d8d097532cb2db2c9779aa8531c1537017fa4cb8677b20ecbc7b6c0829,Sharks vs. Oilers,0.508,0.5,0.008,NO_TRADE,,,2026-03-17T19:15:12.864536
0x4470a14c36f54e9f474d10a82c8263d4ff697cd6a9ae5e7119cdb59e7a781b03,Panthers vs. Canucks,0.516,0.5,0.016,NO_TRADE,,,2026-03-17T19:15:15.338785
0x83a1f52eb3afde1aafef9fcc3978d3dbcf2955c583284fd93f99f263245f1705,Sabres vs. Golden Knights,0.5,0.5,0.0,NO_TRADE,,,2026-03-17T19:15:18.346555
0x792ac3aa4715949fc6cb7eedcba13f6457c6697a2106c59593b98acd5005a233,SMU Mustangs vs. Miami (OH) RedHawks: O/U 164.5,0.5,0.5,0.0,NO_TRADE,,,2026-03-17T19:15:20.996001
0xd09734f032e4c4408b89d63e60160e27d403fc3118c5c2770e0861e1aac9ac82,"Will Elon Musk post 160-179 tweets from March 13 to March 20, 2026?",0.484,0.5,-0.016,NO_TRADE,,,2026-03-17T19:15:23.935311
0xa27c4f25cae4af4ddaba19d2abe519032fdfbd424dd785e68b74c00ff3631b41,"Miami Open, Qualification: Yannick Hanfmann vs Luca Van Assche",0.508,0.5,0.008,NO_TRADE,,,2026-03-17T19:15:30.404243
0x61ce3773237a948584e422de72265f937034af418a8b703e3a860ea62e59ff36,Will the Iranian regime fall by March 31?,0.164,0.5,0.336,BUY_NO,,,2026-03-17T19:15:37.534986
0x09e8f0db05570a5048fdccdae58a52c608aa6cf640ced2190dcbeb52ce52f491,Will Crude Oil (CL) hit (HIGH) $200 by end of March?,0.164,0.5,0.336,BUY_NO,,,2026-03-17T19:15:41.222708
0xc5300759dc2089042380795fe7384010a6b6ebdf9e6da7ed3f786d9a5f61c563,Will Crude Oil (CL) hit (HIGH) $100 by end of March?,0.46,0.5,-0.04,NO_TRADE,,,2026-03-17T19:15:43.895031
0x1d54eb5eac2cee8f595f3097c65da7d07f8ab5dee63d7c0c6883eb70e1e9af30,"Russia x Ukraine ceasefire by March 31, 2026?",0.356,0.5,0.144,BUY_NO,,,2026-03-17T19:15:46.447350
0x2701e5a5b751418c5c5bf0faaafdea60ac9fc893eb75fd88e902cd97458d375b,"Will China invade Taiwan by March 31, 2026?",0.164,0.5,0.336,BUY_NO,,,2026-03-17T19:15:49.506154
0x561ffbf7de21ef3781c441f30536b026d2b301d7a4a0145a8f526f98db049ba2,"Will Bitcoin reach $150,000 in March?",0.46,0.5,-0.04,NO_TRADE,,,2026-03-17T19:15:52.771526
0xee4feb22e065060b9af73c53887c83bbbfc5246d98ec38e190bf127fadcf456c,"Will Bitcoin reach $90,000 in March?",0.516,0.5,0.016,NO_TRADE,,,2026-03-17T19:15:55.549543
0x36912c9832f0fd104d734b579fb9b3a1b31bbdc946a67356723407e3bdc96dbc,"Will Bitcoin dip to $65,000 in March?",0.516,0.5,0.016,NO_TRADE,,,2026-03-17T19:15:58.095440
0x337e5c84b83679d5557acafcf78b5c5d4d932b9fcd7dfba7966249d64f0f0a0f,"Will Bitcoin reach $80,000 in March?",0.516,0.5,0.016,NO_TRADE,,,2026-03-17T19:16:00.745121
0x84c7382fc6881416a2b07b0ebe9da32daba8be44a48623a0c3fe4b22f816431a,"Will Bitcoin dip to $55,000 in March?",0.516,0.5,0.016,NO_TRADE,,,2026-03-17T19:16:04.257726
0x4290a4aa43a0707f0f1193c73667074f2ef5ce8ab5d6fcdd4ca645bfe1528f03,"Will Bitcoin dip to $60,000 in March?",0.484,0.5,-0.016,NO_TRADE,,,2026-03-17T19:16:07.140807
0x3fd88dc4dde49dd20ceade22fda96dc345aa6932c46237ff7f47352e49475588,"Bitcoin all time high by March 31, 2026?",0.676,0.5,0.176,BUY_YES,,,2026-03-17T19:16:10.999109
0xe40c6a429fe7a00bc682e6400bddd68e1a4455f0af681114d0fa557fbcc7efd1,Heat vs. Hornets,0.5,0.5,0.0,NO_TRADE,,,2026-03-17T19:24:52.274169
0x0352aa6f941a2a5db4be36aaa24425b76eee481c77e03c68d5592f93c55705e7,Pistons vs. Wizards,0.5238,0.5,0.0238,NO_TRADE,,,2026-03-17T19:24:56.874995
0xd32071f92e75773a99350462e50c5940f79995e3b51566b9699e04e994ba9215,Thunder vs. Magic,0.4863,0.5,-0.0137,NO_TRADE,,,2026-03-17T19:25:02.028972
0xc1ff545fc923fadc12fa8b24f33daa633f9d65a93e8e711ddcd2fec9263d2ef5,Pistons vs. Wizards: O/U 233.5,0.508,0.5,0.008,NO_TRADE,,,2026-03-17T19:25:05.078998
0x8efacc87e8ae6c1bbacb58a32d120ede10e73ad785e45db1430a05b160c6a214,Islanders vs. Maple Leafs,0.5,0.5,0.0,NO_TRADE,,,2026-03-17T19:25:08.933333
0xb332ab0f289b2b6628569a20d13b1de4ba8e18e8d02b0a442079e7f9c2fa2a6b,Pacers vs. Knicks,0.516,0.5,0.016,NO_TRADE,,,2026-03-17T19:25:11.944988
0xfee5282d38a13aeda43f478bef5e16c4a9929c60f02a243f5c90974d61522f6c,Wild vs. Blackhawks,0.4963,0.5,-0.0037,NO_TRADE,,,2026-03-17T19:25:17.676699
0xd6c49a94948e365aa74c09eef54d907b7ca534b243c387c375305d5cdd1afef3,Will the Fed decrease interest rates by 25 bps after the March 2026 meeting?,0.5275,0.5,0.0275,NO_TRADE,,,2026-03-17T19:25:22.459184
0xdeb615a52cd114e5aa27d8344ae506a72bea81f6ed13f5915f050b615a193c20,Will the Fed decrease interest rates by 50+ bps after the March 2026 meeting?,0.4875,0.5,-0.0125,NO_TRADE,,,2026-03-17T19:25:26.737318
0x257b18205f908aef01ef2d1d50e6fea7d29cf5486fe04031d8b101394476faed,Will there be no change in Fed interest rates after the March 2026 meeting?,0.4725,0.5,-0.0275,NO_TRADE,,,2026-03-17T19:25:31.305276
0x25aa90b3cd98305e849189b4e8b770fc77fe89bccb7cf9656468414e01145d38,Will the Fed increase interest rates by 25+ bps after the March 2026 meeting?,0.46,0.5,-0.04,NO_TRADE,,,2026-03-17T19:25:34.697420
0xeee40ed2937bc056e85662b06fd3cbcf5345a8da8c9edd0d7cd2a3492cbcdc81,Suns vs. Timberwolves,0.5062,0.5,0.0062,NO_TRADE,,,2026-03-17T19:25:38.257574
0x9b453364328fb469e56f10e43f8499e19acad421b9246d60faa58d74c208e184,Predators vs. Jets,0.5,0.5,0.0,NO_TRADE,,,2026-03-17T19:25:40.722188
0xf008b9d8d097532cb2db2c9779aa8531c1537017fa4cb8677b20ecbc7b6c0829,Sharks vs. Oilers,0.5,0.5,0.0,NO_TRADE,,,2026-03-17T19:25:43.265517
0x4470a14c36f54e9f474d10a82c8263d4ff697cd6a9ae5e7119cdb59e7a781b03,Panthers vs. Canucks,0.5,0.5,0.0,NO_TRADE,,,2026-03-17T19:25:45.816089
0x83a1f52eb3afde1aafef9fcc3978d3dbcf2955c583284fd93f99f263245f1705,Sabres vs. Golden Knights,0.508,0.5,0.008,NO_TRADE,,,2026-03-17T19:25:48.386447
0x792ac3aa4715949fc6cb7eedcba13f6457c6697a2106c59593b98acd5005a233,SMU Mustangs vs. Miami (OH) RedHawks: O/U 164.5,0.5,0.5,0.0,NO_TRADE,,,2026-03-17T19:25:50.955125
0xd09734f032e4c4408b89d63e60160e27d403fc3118c5c2770e0861e1aac9ac82,"Will Elon Musk post 160-179 tweets from March 13 to March 20, 2026?",0.5312,0.5,0.0312,NO_TRADE,,,2026-03-17T19:25:55.937791
0xa27c4f25cae4af4ddaba19d2abe519032fdfbd424dd785e68b74c00ff3631b41,"Miami Open, Qualification: Yannick Hanfmann vs Luca Van Assche",0.525,0.5,0.025,NO_TRADE,,,2026-03-17T19:25:59.709523
0x61ce3773237a948584e422de72265f937034af418a8b703e3a860ea62e59ff36,Will the Iranian regime fall by March 31?,0.175,0.5,0.325,BUY_NO,,,2026-03-17T19:26:03.674436
0x09e8f0db05570a5048fdccdae58a52c608aa6cf640ced2190dcbeb52ce52f491,Will Crude Oil (CL) hit (HIGH) $200 by end of March?,0.164,0.5,0.336,BUY_NO,,,2026-03-17T19:26:06.576374
0xc5300759dc2089042380795fe7384010a6b6ebdf9e6da7ed3f786d9a5f61c563,Will Crude Oil (CL) hit (HIGH) $100 by end of March?,0.46,0.5,-0.04,NO_TRADE,,,2026-03-17T19:26:09.545035
0x1d54eb5eac2cee8f595f3097c65da7d07f8ab5dee63d7c0c6883eb70e1e9af30,"Russia x Ukraine ceasefire by March 31, 2026?",0.38,0.5,0.12,BUY_NO,,,2026-03-17T19:26:12.346202
0x2701e5a5b751418c5c5bf0faaafdea60ac9fc893eb75fd88e902cd97458d375b,"Will China invade Taiwan by March 31, 2026?",0.164,0.5,0.336,BUY_NO,,,2026-03-17T19:26:15.018109
0xfc9ee9c25abd5b966088767214c22dcf3ad1c72548e9a1dbef9d4328c170e5b5,Trump out as President by March 31?,0.2187,0.5,0.2813,BUY_NO,,,2026-03-17T19:26:18.636773
0x561ffbf7de21ef3781c441f30536b026d2b301d7a4a0145a8f526f98db049ba2,"Will Bitcoin reach $150,000 in March?",0.5312,0.5,0.0312,NO_TRADE,,,2026-03-17T19:26:22.138557
0xee4feb22e065060b9af73c53887c83bbbfc5246d98ec38e190bf127fadcf456c,"Will Bitcoin reach $90,000 in March?",0.5162,0.5,0.0162,NO_TRADE,,,2026-03-17T19:26:26.021286
0x36912c9832f0fd104d734b579fb9b3a1b31bbdc946a67356723407e3bdc96dbc,"Will Bitcoin dip to $65,000 in March?",0.5125,0.5,0.0125,NO_TRADE,,,2026-03-17T19:26:29.938002
0x337e5c84b83679d5557acafcf78b5c5d4d932b9fcd7dfba7966249d64f0f0a0f,"Will Bitcoin reach $80,000 in March?",0.5162,0.5,0.0162,NO_TRADE,,,2026-03-17T19:26:33.624442
0x84c7382fc6881416a2b07b0ebe9da32daba8be44a48623a0c3fe4b22f816431a,"Will Bitcoin dip to $55,000 in March?",0.484,0.5,-0.016,NO_TRADE,,,2026-03-17T19:26:36.315649
0xe40c6a429fe7a00bc682e6400bddd68e1a4455f0af681114d0fa557fbcc7efd1,Heat vs. Hornets,0.5038,0.5,0.0038,NO_TRADE,,,2026-03-17T19:32:49.710593
0x0352aa6f941a2a5db4be36aaa24425b76eee481c77e03c68d5592f93c55705e7,Pistons vs. Wizards,0.5312,0.5,0.0312,NO_TRADE,,,2026-03-17T19:32:53.456878
0xd32071f92e75773a99350462e50c5940f79995e3b51566b9699e04e994ba9215,Thunder vs. Magic,0.4863,0.5,-0.0137,NO_TRADE,,,2026-03-17T19:32:57.593481
0xc1ff545fc923fadc12fa8b24f33daa633f9d65a93e8e711ddcd2fec9263d2ef5,Pistons vs. Wizards: O/U 233.5,0.5025,0.5,0.0025,NO_TRADE,,,2026-03-17T19:33:01.343597
0x8efacc87e8ae6c1bbacb58a32d120ede10e73ad785e45db1430a05b160c6a214,Islanders vs. Maple Leafs,0.51,0.5,0.01,NO_TRADE,,,2026-03-17T19:33:04.894529
0xb332ab0f289b2b6628569a20d13b1de4ba8e18e8d02b0a442079e7f9c2fa2a6b,Pacers vs. Knicks,0.5238,0.5,0.0238,NO_TRADE,,,2026-03-17T19:33:08.555766
0xfee5282d38a13aeda43f478bef5e16c4a9929c60f02a243f5c90974d61522f6c,Wild vs. Blackhawks,0.4963,0.5,-0.0037,NO_TRADE,,,2026-03-17T19:33:12.597598
0xd6c49a94948e365aa74c09eef54d907b7ca534b243c387c375305d5cdd1afef3,Will the Fed decrease interest rates by 25 bps after the March 2026 meeting?,0.5275,0.5,0.0275,NO_TRADE,,,2026-03-17T19:33:16.193764
0xdeb615a52cd114e5aa27d8344ae506a72bea81f6ed13f5915f050b615a193c20,Will the Fed decrease interest rates by 50+ bps after the March 2026 meeting?,0.4875,0.5,-0.0125,NO_TRADE,,,2026-03-17T19:33:20.610396
0x25aa90b3cd98305e849189b4e8b770fc77fe89bccb7cf9656468414e01145d38,Will the Fed increase interest rates by 25+ bps after the March 2026 meeting?,0.4838,0.5,-0.0162,NO_TRADE,,,2026-03-17T19:33:24.502837
0x257b18205f908aef01ef2d1d50e6fea7d29cf5486fe04031d8b101394476faed,Will there be no change in Fed interest rates after the March 2026 meeting?,0.4975,0.5,-0.0025,NO_TRADE,,,2026-03-17T19:33:28.335706
0xeee40ed2937bc056e85662b06fd3cbcf5345a8da8c9edd0d7cd2a3492cbcdc81,Suns vs. Timberwolves,0.5038,0.5,0.0038,NO_TRADE,,,2026-03-17T19:33:31.736356
0x9b453364328fb469e56f10e43f8499e19acad421b9246d60faa58d74c208e184,Predators vs. Jets,0.5075,0.5,0.0075,NO_TRADE,,,2026-03-17T19:33:35.741626
0xf008b9d8d097532cb2db2c9779aa8531c1537017fa4cb8677b20ecbc7b6c0829,Sharks vs. Oilers,0.5038,0.5,0.0038,NO_TRADE,,,2026-03-17T19:33:38.872590
0x4470a14c36f54e9f474d10a82c8263d4ff697cd6a9ae5e7119cdb59e7a781b03,Panthers vs. Canucks,0.5112,0.5,0.0112,NO_TRADE,,,2026-03-17T19:33:43.122245
0x83a1f52eb3afde1aafef9fcc3978d3dbcf2955c583284fd93f99f263245f1705,Sabres vs. Golden Knights,0.52,0.5,0.02,NO_TRADE,,,2026-03-17T19:33:47.011861
0x792ac3aa4715949fc6cb7eedcba13f6457c6697a2106c59593b98acd5005a233,SMU Mustangs vs. Miami (OH) RedHawks: O/U 164.5,0.5,0.5,0.0,NO_TRADE,,,2026-03-17T19:33:51.461997
0xd09734f032e4c4408b89d63e60160e27d403fc3118c5c2770e0861e1aac9ac82,"Will Elon Musk post 160-179 tweets from March 13 to March 20, 2026?",0.5312,0.5,0.0312,NO_TRADE,,,2026-03-17T19:33:56.889184
0xa27c4f25cae4af4ddaba19d2abe519032fdfbd424dd785e68b74c00ff3631b41,"Miami Open, Qualification: Yannick Hanfmann vs Luca Van Assche",0.525,0.5,0.025,NO_TRADE,,,2026-03-17T19:34:00.916802
0x61ce3773237a948584e422de72265f937034af418a8b703e3a860ea62e59ff36,Will the Iranian regime fall by March 31?,0.2,0.5,0.3,BUY_NO,,,2026-03-17T19:34:04.772078
0x09e8f0db05570a5048fdccdae58a52c608aa6cf640ced2190dcbeb52ce52f491,Will Crude Oil (CL) hit (HIGH) $200 by end of March?,0.0875,0.5,0.4125,BUY_NO,,,2026-03-17T19:34:08.721764
0xc5300759dc2089042380795fe7384010a6b6ebdf9e6da7ed3f786d9a5f61c563,Will Crude Oil (CL) hit (HIGH) $100 by end of March?,0.4125,0.5,0.0875,BUY_NO,,,2026-03-17T19:34:12.938323
0x2701e5a5b751418c5c5bf0faaafdea60ac9fc893eb75fd88e902cd97458d375b,"Will China invade Taiwan by March 31, 2026?",0.2188,0.5,0.2812,BUY_NO,,,2026-03-17T19:34:16.723198
0xfc9ee9c25abd5b966088767214c22dcf3ad1c72548e9a1dbef9d4328c170e5b5,Trump out as President by March 31?,0.2,0.5,0.3,BUY_NO,,,2026-03-17T19:34:20.155568
0x1d54eb5eac2cee8f595f3097c65da7d07f8ab5dee63d7c0c6883eb70e1e9af30,"Russia x Ukraine ceasefire by March 31, 2026?",0.4062,0.5,0.0938,BUY_NO,,,2026-03-17T19:34:23.931832
0x561ffbf7de21ef3781c441f30536b026d2b301d7a4a0145a8f526f98db049ba2,"Will Bitcoin reach $150,000 in March?",0.4875,0.5,-0.0125,NO_TRADE,,,2026-03-17T19:34:27.645169
0xee4feb22e065060b9af73c53887c83bbbfc5246d98ec38e190bf127fadcf456c,"Will Bitcoin reach $90,000 in March?",0.5062,0.5,0.0062,NO_TRADE,,,2026-03-17T19:34:32.970660
0x36912c9832f0fd104d734b579fb9b3a1b31bbdc946a67356723407e3bdc96dbc,"Will Bitcoin dip to $65,000 in March?",0.45,0.5,0.05,BUY_NO,,,2026-03-17T19:34:37.071920
0x337e5c84b83679d5557acafcf78b5c5d4d932b9fcd7dfba7966249d64f0f0a0f,"Will Bitcoin reach $80,000 in March?",0.5312,0.5,0.0312,NO_TRADE,,,2026-03-17T19:34:41.348975
0x84c7382fc6881416a2b07b0ebe9da32daba8be44a48623a0c3fe4b22f816431a,"Will Bitcoin dip to $55,000 in March?",0.4938,0.5,-0.0062,NO_TRADE,,,2026-03-17T19:34:46.505568
0x0d95d875eb35b6324d51b1d1fcc90668403f5a7df027abd146eb2dfdf06041b5,"Will the price of Bitcoin be above $80,000 on March 18?",0.5937,0.5,0.0937,BUY_YES,,,2026-03-18T04:53:51.163147
0xb531ab396b1766693cf5ad0ff76976cfca7d255a90e666f51b74f359c09699ad,"Will Elon Musk post 40-64 tweets from March 16 to March 18, 2026?",0.5062,0.5,0.0062,NO_TRADE,,,2026-03-18T04:53:55.381160
0xff78bdf3e851738bbc0bfafc3ca2d6c9809caf7daa4102d267a4eaba800460a5,"Will the price of Bitcoin be above $68,000 on March 18?",0.5312,0.5,0.0312,NO_TRADE,,,2026-03-18T04:53:59.664585
0x8dbd6b3b4bb738f148529a8f1a7d3723a3230787c0b51d0a025de7a289577b2d,Counter-Strike: Team Falcons vs NRG (BO3) - BLAST Open Rotterdam Group A,0.5,0.5,0.0,NO_TRADE,,,2026-03-18T04:54:03.953590
0x75f980e82c6233c7335782d96795af32adf66f06755d9facf39cb1fe4573234d,Will FC Barcelona win on 2026-03-18?,0.5162,0.5,0.0162,NO_TRADE,,,2026-03-18T04:54:08.116165
0x4588d046776c6298ecf480853fb23b89ef7b2569ec972a607ef8f978f3b83e43,LoL: Bilibili Gaming vs G2 Esports (BO5) - First Stand Group A,0.5,0.5,0.0,NO_TRADE,,,2026-03-18T04:54:11.333698
0x1908e8da1563399d1521fd135c581a4a0f5925909e94cd4f2d9e4d68e7059ced,Will Club Atlético de Madrid win on 2026-03-18?,0.5,0.5,0.0,NO_TRADE,,,2026-03-18T04:54:14.744857
0xa064ddb8e43f243cbf406364d97ec686dc29fab7158ba26ff9f995573e8e6e95,Will Galatasaray SK win on 2026-03-18?,0.5075,0.5,0.0075,NO_TRADE,,,2026-03-18T04:54:19.337882
0x51a55a01343db1e2fe99b7a8ece7cec00bb3b8b4fa2f88887f805b1fd7321d0c,Penguins vs. Hurricanes,0.5,0.5,0.0,NO_TRADE,,,2026-03-18T04:54:25.446158
0xd06aee0b70ab47174c083f0de54e379d98b3f2f5337135c0f4453eb1f0c397a8,Clippers vs. Pelicans,0.5,0.5,0.0,NO_TRADE,,,2026-03-18T04:54:29.335065
0x792ac3aa4715949fc6cb7eedcba13f6457c6697a2106c59593b98acd5005a233,SMU Mustangs vs. Miami (OH) RedHawks: O/U 164.5,0.5,0.5,0.0,NO_TRADE,,,2026-03-18T04:54:32.798531
0xd09734f032e4c4408b89d63e60160e27d403fc3118c5c2770e0861e1aac9ac82,"Will Elon Musk post 160-179 tweets from March 13 to March 20, 2026?",0.5062,0.5,0.0062,NO_TRADE,,,2026-03-18T04:54:36.819434
0xedcf6361c76be1fde4b856efc53dcb752d2cbf5aa4135115171bccd960b1db00,Final Stage: USA vs. Venezuela,0.505,0.5,0.005,NO_TRADE,,,2026-03-18T04:54:40.292072
0x61ce3773237a948584e422de72265f937034af418a8b703e3a860ea62e59ff36,Will the Iranian regime fall by March 31?,0.2,0.5,0.3,BUY_NO,,,2026-03-18T04:54:43.692351
0xc5300759dc2089042380795fe7384010a6b6ebdf9e6da7ed3f786d9a5f61c563,Will Crude Oil (CL) hit (HIGH) $100 by end of March?,0.4125,0.5,0.0875,BUY_NO,,,2026-03-18T04:54:46.987971
0x09e8f0db05570a5048fdccdae58a52c608aa6cf640ced2190dcbeb52ce52f491,Will Crude Oil (CL) hit (HIGH) $200 by end of March?,0.1437,0.5,0.3563,BUY_NO,,,2026-03-18T04:54:51.549673
0x561ffbf7de21ef3781c441f30536b026d2b301d7a4a0145a8f526f98db049ba2,"Will Bitcoin reach $150,000 in March?",0.45,0.5,0.05,BUY_NO,,,2026-03-18T04:54:55.749832
0xee4feb22e065060b9af73c53887c83bbbfc5246d98ec38e190bf127fadcf456c,"Will Bitcoin reach $90,000 in March?",0.5312,0.5,0.0312,NO_TRADE,,,2026-03-18T04:55:00.138832
0x36912c9832f0fd104d734b579fb9b3a1b31bbdc946a67356723407e3bdc96dbc,"Will Bitcoin dip to $65,000 in March?",0.4688,0.5,-0.0312,NO_TRADE,,,2026-03-18T04:55:04.323790
0x85310499e44214cae42d3ae7dc075c2037402e023552ebe419053d7db4b73f17,Will Max Verstappen win the 2026 F1 Japanese Grand Prix?,0.535,0.5,0.035,NO_TRADE,,,2026-03-18T04:55:08.464221
0x0a0daf16a2e58158d63d46c018b7161eb06b36d49f3f15188d58aa5b4e1c3c4f,LoL: Gen.G vs LYON (BO5) - First Stand Group B,0.5,0.5,0.0,NO_TRADE,,,2026-03-19T15:07:26.043733
0x1b7447575bb4451e6b3aa24d2c90538730da17a0d20a2ccaa4801703a4920f85,LoL: Gen.G vs LYON - Game 2 Winner,0.5038,0.5,0.0038,NO_TRADE,,,2026-03-19T15:07:30.890464
0xe689eb0388b77fb3ad3674530d8411199bacb463ec9aafbaa871ac68ee2b9331,LoL: Gen.G vs LYON - Game 1 Winner,0.5,0.5,0.0,NO_TRADE,,,2026-03-19T15:07:35.350517
0x088071265e0314e4cc31155425159e5c6dbe79b413347672e65d474f95ccb64d,Game Handicap: GEN (-2.5) vs LYON (+2.5),0.5,0.5,0.0,NO_TRADE,,,2026-03-19T15:07:39.981980
0xb94f615c612a73fad02206555c48712bc73d166e9f0d7ee7df5db2adf7829f82,LoL: Gen.G vs LYON - Game 3 Winner,0.5038,0.5,0.0038,NO_TRADE,,,2026-03-19T15:07:45.212556
0xe6ebc78c5150fa603ca15bf5d5411955946fcddfd5d28cf34e4c241b4ec509b6,Will AS Roma win on 2026-03-19?,0.5275,0.5,0.0275,NO_TRADE,,,2026-03-19T15:07:49.368504
0xd3f6cab0a8a5151eb42ba6016674ab0a5cf263d609f09fb355e89818169f16c0,Counter-Strike: Spirit vs Liquid (BO3) - BLAST Open Rotterdam Group B,0.5,0.5,0.0,NO_TRADE,,,2026-03-19T15:07:53.515417
0x9ac4b40fe3cfb4ad19e79806e711d6fc35e5eab580b95b9f6fe7197e8a354b10,Pistons vs. Wizards,0.5238,0.5,0.0238,NO_TRADE,,,2026-03-19T15:07:58.931560
0x4bced04ba4c15a6dda1c185763b498a5adb162361c46cd42f78396184393cc4a,Spread: Pistons (-16.5),0.4875,0.5,-0.0125,NO_TRADE,,,2026-03-19T15:08:04.579498
0x532cabed36cad1b584ff8c7a2d135c38429932498f3736c52c6b27eacfb81cb2,Magic vs. Hornets,0.5038,0.5,0.0038,NO_TRADE,,,2026-03-19T15:08:08.868350
0x718dba92728910da58e208a063ec5b5e7ad481d98e62fbb4a39a83905504783b,Spread: North Carolina Tar Heels (-2.5),0.5125,0.5,0.0125,NO_TRADE,,,2026-03-19T15:08:19.192372
0x40f07fb04ff481563c88e8b8817320c73ea2b500809c85be4d6991146aff7487,Rangers vs. Blue Jackets,0.52,0.5,0.02,NO_TRADE,,,2026-03-19T15:08:26.578465
0x70c04e13e2fc0cd73a35b736954537f01d8854e9d57ce62312a06b5c05350518,Texas Longhorns vs. BYU Cougars,0.51,0.5,0.01,NO_TRADE,,,2026-03-19T15:08:30.955902
0x06707a5317654a573e0ed4879d0c81071de1a94b0cd3cb007c7ec32ebe359885,Lakers vs. Heat,0.525,0.5,0.025,NO_TRADE,,,2026-03-19T15:08:34.473766
0x9079822f95376dae8797ecb6d5b2a0251bd24f102693cf667f3911d864c08f5a,Cavaliers vs. Bulls: O/U 238.5,0.5138,0.5,0.0138,NO_TRADE,,,2026-03-19T15:08:38.728626
0x4adffd3f122654b4e84d1e0cb804899407f1b93fdbdffea081496d001af1c5b4,Clippers vs. Pelicans,0.5312,0.5,0.0312,NO_TRADE,,,2026-03-19T15:08:44.293057
0x94ea32a93b12477f8b8060148490969e07cf401e1bf9a4fc1c79e10d8b71c6d6,Lakers vs. Heat: O/U 239.5,0.5125,0.5,0.0125,NO_TRADE,,,2026-03-19T15:08:48.659049
0x9ec1ed93fa88d106c07695d4a21dcdbcc5b70a421686fcedd653cc63bddb14e2,Bucks vs. Jazz,0.5075,0.5,0.0075,NO_TRADE,,,2026-03-19T15:08:52.442000
0x9af82525f62f45127301f661979e00c6de4f40566fadaa43361daa58a1a79941,Utah vs. Golden Knights,0.4963,0.5,-0.0037,NO_TRADE,,,2026-03-19T15:08:56.504172
0x04c109837e9c83aa410e4a1bfa32d5574b05fafd0a432514965c03a20e2511a6,Akron Zips vs. Texas Tech Red Raiders,0.5,0.5,0.0,NO_TRADE,,,2026-03-19T15:09:01.768376
0x4491df698adf8d361aacc240a34d12e751f51baef01d79d523a4d498baa45fba,Missouri Tigers vs. Miami Hurricanes,0.5138,0.5,0.0138,NO_TRADE,,,2026-03-19T15:09:06.184397
0x553fc3e6702408b07899e79cc490d34d3d01ab1cecb61ce0d27fce12232f3ac8,Hofstra Pride vs. Alabama Crimson Tide,0.3625,0.5,0.1375,BUY_NO,,,2026-03-19T15:09:10.162588
0xe786e550fff7199ee0684a50fc381d933621abdcc13ffaef3464c396b2434e9e,"Will Elon Musk post 260-279 tweets from March 13 to March 20, 2026?",0.5312,0.5,0.0312,NO_TRADE,,,2026-03-19T15:09:14.397305
0x5e727ec21989b0423e21c58986744955305f43013b5294f151f9971214b59d1b,"Will Elon Musk post 380-399 tweets from March 13 to March 20, 2026?",0.5312,0.5,0.0312,NO_TRADE,,,2026-03-19T15:09:18.888154
0x57b686c7fb5518730a47368dfa2523db169f3d2c37a4bf91400830c989f46bf8,"Will Elon Musk post 360-379 tweets from March 13 to March 20, 2026?",0.5062,0.5,0.0062,NO_TRADE,,,2026-03-19T15:09:23.730797
0x8ec2bfbcd1163c96788a084121baf55f6b15f4d4602765f79a82bfadae899aae,"Will Elon Musk post 280-299 tweets from March 13 to March 20, 2026?",0.5062,0.5,0.0062,NO_TRADE,,,2026-03-19T15:09:27.402384
0x3c0adcf4ad08bc8c562d4cb50e0b177ff93a351a0a5905f77afe8b29471bdf26,"Will Elon Musk post 400-419 tweets from March 13 to March 20, 2026?",0.5062,0.5,0.0062,NO_TRADE,,,2026-03-19T15:09:34.390538
0xc6298d48108c9b997215dd5eff1d90b9f6301047d46c6a914ed9ac73b544bcdd,"Will Elon Musk post 300-319 tweets from March 13 to March 20, 2026?",0.5062,0.5,0.0062,NO_TRADE,,,2026-03-19T15:09:40.868649
0x7499f6b996e49bc779f736cee57742757e3466d7cdacda8963558448800c25a7,"Will Elon Musk post 440-459 tweets from March 13 to March 20, 2026?",0.5312,0.5,0.0312,NO_TRADE,,,2026-03-19T15:09:45.543243
0xacb2e2ac81a2c312af816cafcbc4642f350eddd27004f83d142e44fec00f88c1,"Will Elon Musk post 340-359 tweets from March 13 to March 20, 2026?",0.5062,0.5,0.0062,NO_TRADE,,,2026-03-19T15:09:49.778408
